{"schema":{"fields":[{"name":"idx","type":"integer"},{"name":"gameDuration(min)","type":"integer"},{"name":"wins","type":"boolean"},{"name":"kills","type":"integer"},{"name":"deaths","type":"integer"},{"name":"assists","type":"integer"},{"name":"goldEarned","type":"integer"},{"name":"totalDamageDealtToChampions","type":"integer"}],"primaryKey":["idx"],"pandas_version":"0.20.0"},"data":[{"idx":0,"gameDuration(min)":39,"wins":false,"kills":11,"deaths":5,"assists":14,"goldEarned":14048,"totalDamageDealtToChampions":34290},{"idx":1,"gameDuration(min)":21,"wins":false,"kills":0,"deaths":4,"assists":6,"goldEarned":5250,"totalDamageDealtToChampions":5428},{"idx":2,"gameDuration(min)":22,"wins":false,"kills":21,"deaths":10,"assists":11,"goldEarned":20037,"totalDamageDealtToChampions":48778},{"idx":3,"gameDuration(min)":14,"wins":false,"kills":6,"deaths":10,"assists":2,"goldEarned":11986,"totalDamageDealtToChampions":14727},{"idx":4,"gameDuration(min)":22,"wins":false,"kills":20,"deaths":6,"assists":10,"goldEarned":22629,"totalDamageDealtToChampions":45809},{"idx":5,"gameDuration(min)":18,"wins":false,"kills":20,"deaths":7,"assists":3,"goldEarned":18348,"totalDamageDealtToChampions":30241},{"idx":6,"gameDuration(min)":14,"wins":true,"kills":5,"deaths":1,"assists":21,"goldEarned":11830,"totalDamageDealtToChampions":14879},{"idx":7,"gameDuration(min)":8,"wins":true,"kills":9,"deaths":0,"assists":5,"goldEarned":7171,"totalDamageDealtToChampions":8871}]}