{"schema":{"fields":[{"name":"idx","type":"integer"},{"name":"gameDuration(min)","type":"integer"},{"name":"wins","type":"boolean"},{"name":"kills","type":"integer"},{"name":"deaths","type":"integer"},{"name":"assists","type":"integer"},{"name":"goldEarned","type":"integer"},{"name":"totalDamageDealtToChampions","type":"integer"}],"primaryKey":["idx"],"pandas_version":"0.20.0"},"data":[{"idx":0,"gameDuration(min)":29,"wins":false,"kills":0,"deaths":5,"assists":3,"goldEarned":5834,"totalDamageDealtToChampions":4377},{"idx":1,"gameDuration(min)":19,"wins":false,"kills":0,"deaths":5,"assists":2,"goldEarned":3928,"totalDamageDealtToChampions":3574},{"idx":2,"gameDuration(min)":36,"wins":true,"kills":1,"deaths":2,"assists":6,"goldEarned":8044,"totalDamageDealtToChampions":3089},{"idx":3,"gameDuration(min)":18,"wins":false,"kills":12,"deaths":7,"assists":4,"goldEarned":14090,"totalDamageDealtToChampions":16235},{"idx":4,"gameDuration(min)":11,"wins":false,"kills":3,"deaths":7,"assists":0,"goldEarned":5433,"totalDamageDealtToChampions":10261},{"idx":5,"gameDuration(min)":17,"wins":false,"kills":5,"deaths":3,"assists":2,"goldEarned":6980,"totalDamageDealtToChampions":8299},{"idx":6,"gameDuration(min)":25,"wins":false,"kills":14,"deaths":6,"assists":1,"goldEarned":13571,"totalDamageDealtToChampions":23205},{"idx":7,"gameDuration(min)":41,"wins":true,"kills":23,"deaths":8,"assists":12,"goldEarned":20408,"totalDamageDealtToChampions":55255},{"idx":8,"gameDuration(min)":15,"wins":true,"kills":4,"deaths":4,"assists":1,"goldEarned":5395,"totalDamageDealtToChampions":9072},{"idx":9,"gameDuration(min)":16,"wins":false,"kills":3,"deaths":10,"assists":1,"goldEarned":5530,"totalDamageDealtToChampions":8703},{"idx":10,"gameDuration(min)":30,"wins":true,"kills":22,"deaths":6,"assists":5,"goldEarned":18317,"totalDamageDealtToChampions":50973},{"idx":11,"gameDuration(min)":24,"wins":true,"kills":20,"deaths":3,"assists":3,"goldEarned":16812,"totalDamageDealtToChampions":33571},{"idx":12,"gameDuration(min)":22,"wins":true,"kills":4,"deaths":1,"assists":9,"goldEarned":9612,"totalDamageDealtToChampions":15102},{"idx":13,"gameDuration(min)":31,"wins":true,"kills":18,"deaths":3,"assists":8,"goldEarned":16426,"totalDamageDealtToChampions":26174},{"idx":14,"gameDuration(min)":23,"wins":true,"kills":15,"deaths":4,"assists":3,"goldEarned":13156,"totalDamageDealtToChampions":19894},{"idx":15,"gameDuration(min)":33,"wins":false,"kills":2,"deaths":7,"assists":3,"goldEarned":12293,"totalDamageDealtToChampions":15471},{"idx":16,"gameDuration(min)":33,"wins":true,"kills":23,"deaths":6,"assists":7,"goldEarned":18432,"totalDamageDealtToChampions":38819},{"idx":17,"gameDuration(min)":19,"wins":false,"kills":10,"deaths":11,"assists":16,"goldEarned":14193,"totalDamageDealtToChampions":30084},{"idx":18,"gameDuration(min)":22,"wins":true,"kills":24,"deaths":9,"assists":14,"goldEarned":18538,"totalDamageDealtToChampions":46398},{"idx":19,"gameDuration(min)":24,"wins":false,"kills":1,"deaths":8,"assists":8,"goldEarned":6739,"totalDamageDealtToChampions":7506},{"idx":20,"gameDuration(min)":18,"wins":false,"kills":3,"deaths":4,"assists":5,"goldEarned":5534,"totalDamageDealtToChampions":10420},{"idx":21,"gameDuration(min)":14,"wins":true,"kills":8,"deaths":8,"assists":8,"goldEarned":11554,"totalDamageDealtToChampions":18928},{"idx":22,"gameDuration(min)":19,"wins":false,"kills":15,"deaths":7,"assists":1,"goldEarned":17916,"totalDamageDealtToChampions":24314},{"idx":23,"gameDuration(min)":15,"wins":true,"kills":4,"deaths":1,"assists":1,"goldEarned":6383,"totalDamageDealtToChampions":5193},{"idx":24,"gameDuration(min)":22,"wins":true,"kills":9,"deaths":3,"assists":1,"goldEarned":10273,"totalDamageDealtToChampions":16856},{"idx":25,"gameDuration(min)":22,"wins":true,"kills":5,"deaths":0,"assists":0,"goldEarned":8246,"totalDamageDealtToChampions":8248},{"idx":26,"gameDuration(min)":31,"wins":false,"kills":3,"deaths":19,"assists":7,"goldEarned":7665,"totalDamageDealtToChampions":9267},{"idx":27,"gameDuration(min)":24,"wins":true,"kills":10,"deaths":4,"assists":5,"goldEarned":11444,"totalDamageDealtToChampions":19025},{"idx":28,"gameDuration(min)":35,"wins":true,"kills":18,"deaths":4,"assists":13,"goldEarned":19313,"totalDamageDealtToChampions":40635},{"idx":29,"gameDuration(min)":11,"wins":true,"kills":0,"deaths":4,"assists":2,"goldEarned":3082,"totalDamageDealtToChampions":4181},{"idx":30,"gameDuration(min)":31,"wins":false,"kills":0,"deaths":8,"assists":5,"goldEarned":9439,"totalDamageDealtToChampions":7464},{"idx":31,"gameDuration(min)":25,"wins":false,"kills":3,"deaths":6,"assists":6,"goldEarned":7959,"totalDamageDealtToChampions":10018},{"idx":32,"gameDuration(min)":22,"wins":true,"kills":8,"deaths":5,"assists":7,"goldEarned":10333,"totalDamageDealtToChampions":17388},{"idx":33,"gameDuration(min)":15,"wins":true,"kills":5,"deaths":1,"assists":5,"goldEarned":7663,"totalDamageDealtToChampions":8602},{"idx":34,"gameDuration(min)":27,"wins":false,"kills":7,"deaths":5,"assists":4,"goldEarned":10390,"totalDamageDealtToChampions":23223},{"idx":35,"gameDuration(min)":20,"wins":true,"kills":5,"deaths":1,"assists":2,"goldEarned":8025,"totalDamageDealtToChampions":9106},{"idx":36,"gameDuration(min)":36,"wins":true,"kills":6,"deaths":6,"assists":18,"goldEarned":13304,"totalDamageDealtToChampions":19251},{"idx":37,"gameDuration(min)":27,"wins":false,"kills":4,"deaths":3,"assists":5,"goldEarned":9452,"totalDamageDealtToChampions":15301},{"idx":38,"gameDuration(min)":22,"wins":false,"kills":3,"deaths":2,"assists":3,"goldEarned":7342,"totalDamageDealtToChampions":10440},{"idx":39,"gameDuration(min)":21,"wins":false,"kills":24,"deaths":15,"assists":8,"goldEarned":20951,"totalDamageDealtToChampions":41610},{"idx":40,"gameDuration(min)":17,"wins":true,"kills":5,"deaths":7,"assists":17,"goldEarned":13342,"totalDamageDealtToChampions":18588},{"idx":41,"gameDuration(min)":21,"wins":true,"kills":13,"deaths":10,"assists":9,"goldEarned":18272,"totalDamageDealtToChampions":24553},{"idx":42,"gameDuration(min)":16,"wins":true,"kills":26,"deaths":6,"assists":8,"goldEarned":18189,"totalDamageDealtToChampions":37933},{"idx":43,"gameDuration(min)":24,"wins":false,"kills":1,"deaths":8,"assists":4,"goldEarned":6658,"totalDamageDealtToChampions":7021},{"idx":44,"gameDuration(min)":27,"wins":false,"kills":5,"deaths":6,"assists":10,"goldEarned":10627,"totalDamageDealtToChampions":22789},{"idx":45,"gameDuration(min)":28,"wins":true,"kills":6,"deaths":4,"assists":10,"goldEarned":11188,"totalDamageDealtToChampions":19160},{"idx":46,"gameDuration(min)":27,"wins":true,"kills":7,"deaths":4,"assists":7,"goldEarned":11052,"totalDamageDealtToChampions":13863},{"idx":47,"gameDuration(min)":29,"wins":false,"kills":5,"deaths":4,"assists":6,"goldEarned":11006,"totalDamageDealtToChampions":18573},{"idx":48,"gameDuration(min)":32,"wins":true,"kills":5,"deaths":4,"assists":5,"goldEarned":11601,"totalDamageDealtToChampions":16173},{"idx":49,"gameDuration(min)":24,"wins":false,"kills":4,"deaths":4,"assists":1,"goldEarned":8164,"totalDamageDealtToChampions":11063},{"idx":50,"gameDuration(min)":29,"wins":false,"kills":12,"deaths":9,"assists":2,"goldEarned":12650,"totalDamageDealtToChampions":23334},{"idx":51,"gameDuration(min)":20,"wins":true,"kills":7,"deaths":2,"assists":0,"goldEarned":8562,"totalDamageDealtToChampions":9004},{"idx":52,"gameDuration(min)":29,"wins":true,"kills":9,"deaths":3,"assists":6,"goldEarned":12745,"totalDamageDealtToChampions":14847},{"idx":53,"gameDuration(min)":21,"wins":true,"kills":11,"deaths":1,"assists":9,"goldEarned":10659,"totalDamageDealtToChampions":19835},{"idx":54,"gameDuration(min)":32,"wins":false,"kills":10,"deaths":4,"assists":4,"goldEarned":12596,"totalDamageDealtToChampions":30390},{"idx":55,"gameDuration(min)":32,"wins":false,"kills":3,"deaths":8,"assists":2,"goldEarned":10473,"totalDamageDealtToChampions":8890},{"idx":56,"gameDuration(min)":20,"wins":true,"kills":6,"deaths":2,"assists":2,"goldEarned":8837,"totalDamageDealtToChampions":6935},{"idx":57,"gameDuration(min)":25,"wins":true,"kills":9,"deaths":1,"assists":8,"goldEarned":11351,"totalDamageDealtToChampions":20994},{"idx":58,"gameDuration(min)":37,"wins":false,"kills":0,"deaths":6,"assists":18,"goldEarned":10681,"totalDamageDealtToChampions":14639},{"idx":59,"gameDuration(min)":23,"wins":true,"kills":4,"deaths":1,"assists":2,"goldEarned":9588,"totalDamageDealtToChampions":10375},{"idx":60,"gameDuration(min)":23,"wins":false,"kills":4,"deaths":4,"assists":1,"goldEarned":7803,"totalDamageDealtToChampions":10489},{"idx":61,"gameDuration(min)":28,"wins":true,"kills":9,"deaths":2,"assists":4,"goldEarned":12530,"totalDamageDealtToChampions":13774},{"idx":62,"gameDuration(min)":18,"wins":false,"kills":3,"deaths":2,"assists":0,"goldEarned":6557,"totalDamageDealtToChampions":9776},{"idx":63,"gameDuration(min)":23,"wins":false,"kills":32,"deaths":6,"assists":11,"goldEarned":29510,"totalDamageDealtToChampions":55461},{"idx":64,"gameDuration(min)":15,"wins":false,"kills":5,"deaths":8,"assists":6,"goldEarned":11763,"totalDamageDealtToChampions":17349},{"idx":65,"gameDuration(min)":29,"wins":true,"kills":6,"deaths":5,"assists":11,"goldEarned":11648,"totalDamageDealtToChampions":12166},{"idx":66,"gameDuration(min)":18,"wins":true,"kills":7,"deaths":6,"assists":5,"goldEarned":13913,"totalDamageDealtToChampions":20293},{"idx":67,"gameDuration(min)":18,"wins":true,"kills":20,"deaths":8,"assists":14,"goldEarned":17081,"totalDamageDealtToChampions":35020},{"idx":68,"gameDuration(min)":19,"wins":false,"kills":18,"deaths":7,"assists":5,"goldEarned":21080,"totalDamageDealtToChampions":32884},{"idx":69,"gameDuration(min)":16,"wins":false,"kills":16,"deaths":7,"assists":7,"goldEarned":15568,"totalDamageDealtToChampions":25483},{"idx":70,"gameDuration(min)":20,"wins":true,"kills":4,"deaths":3,"assists":4,"goldEarned":7127,"totalDamageDealtToChampions":14212},{"idx":71,"gameDuration(min)":15,"wins":false,"kills":1,"deaths":6,"assists":5,"goldEarned":4194,"totalDamageDealtToChampions":6502},{"idx":72,"gameDuration(min)":21,"wins":true,"kills":6,"deaths":1,"assists":8,"goldEarned":9559,"totalDamageDealtToChampions":11375},{"idx":73,"gameDuration(min)":24,"wins":true,"kills":9,"deaths":2,"assists":8,"goldEarned":12721,"totalDamageDealtToChampions":14300},{"idx":74,"gameDuration(min)":30,"wins":false,"kills":3,"deaths":2,"assists":11,"goldEarned":9981,"totalDamageDealtToChampions":17511},{"idx":75,"gameDuration(min)":21,"wins":true,"kills":7,"deaths":2,"assists":8,"goldEarned":9522,"totalDamageDealtToChampions":15574},{"idx":76,"gameDuration(min)":37,"wins":false,"kills":23,"deaths":9,"assists":9,"goldEarned":18897,"totalDamageDealtToChampions":53605},{"idx":77,"gameDuration(min)":33,"wins":false,"kills":6,"deaths":5,"assists":8,"goldEarned":11721,"totalDamageDealtToChampions":22373},{"idx":78,"gameDuration(min)":27,"wins":false,"kills":7,"deaths":2,"assists":2,"goldEarned":9905,"totalDamageDealtToChampions":16201},{"idx":79,"gameDuration(min)":23,"wins":false,"kills":4,"deaths":9,"assists":3,"goldEarned":7964,"totalDamageDealtToChampions":13551},{"idx":80,"gameDuration(min)":28,"wins":true,"kills":18,"deaths":3,"assists":4,"goldEarned":14887,"totalDamageDealtToChampions":31201},{"idx":81,"gameDuration(min)":21,"wins":true,"kills":5,"deaths":2,"assists":5,"goldEarned":8747,"totalDamageDealtToChampions":10894},{"idx":82,"gameDuration(min)":36,"wins":false,"kills":8,"deaths":4,"assists":4,"goldEarned":15379,"totalDamageDealtToChampions":25590},{"idx":83,"gameDuration(min)":37,"wins":false,"kills":8,"deaths":6,"assists":3,"goldEarned":12060,"totalDamageDealtToChampions":20673},{"idx":84,"gameDuration(min)":37,"wins":true,"kills":16,"deaths":5,"assists":13,"goldEarned":18612,"totalDamageDealtToChampions":45203},{"idx":85,"gameDuration(min)":16,"wins":true,"kills":4,"deaths":0,"assists":3,"goldEarned":6843,"totalDamageDealtToChampions":4443},{"idx":86,"gameDuration(min)":26,"wins":true,"kills":13,"deaths":0,"assists":14,"goldEarned":12807,"totalDamageDealtToChampions":21583},{"idx":87,"gameDuration(min)":37,"wins":true,"kills":9,"deaths":3,"assists":13,"goldEarned":14864,"totalDamageDealtToChampions":29310},{"idx":88,"gameDuration(min)":25,"wins":false,"kills":2,"deaths":6,"assists":2,"goldEarned":7376,"totalDamageDealtToChampions":5672},{"idx":89,"gameDuration(min)":18,"wins":true,"kills":1,"deaths":1,"assists":2,"goldEarned":5481,"totalDamageDealtToChampions":6592},{"idx":90,"gameDuration(min)":42,"wins":false,"kills":7,"deaths":5,"assists":9,"goldEarned":16638,"totalDamageDealtToChampions":24270},{"idx":91,"gameDuration(min)":19,"wins":false,"kills":3,"deaths":5,"assists":0,"goldEarned":7090,"totalDamageDealtToChampions":6778},{"idx":92,"gameDuration(min)":3,"wins":false,"kills":0,"deaths":0,"assists":0,"goldEarned":668,"totalDamageDealtToChampions":0},{"idx":93,"gameDuration(min)":30,"wins":false,"kills":6,"deaths":5,"assists":8,"goldEarned":12310,"totalDamageDealtToChampions":15999},{"idx":94,"gameDuration(min)":34,"wins":true,"kills":14,"deaths":6,"assists":13,"goldEarned":16945,"totalDamageDealtToChampions":25135},{"idx":95,"gameDuration(min)":21,"wins":false,"kills":2,"deaths":6,"assists":3,"goldEarned":6425,"totalDamageDealtToChampions":8493},{"idx":96,"gameDuration(min)":24,"wins":false,"kills":1,"deaths":7,"assists":3,"goldEarned":6736,"totalDamageDealtToChampions":11330},{"idx":97,"gameDuration(min)":27,"wins":true,"kills":2,"deaths":5,"assists":14,"goldEarned":8087,"totalDamageDealtToChampions":20071},{"idx":98,"gameDuration(min)":24,"wins":true,"kills":8,"deaths":1,"assists":3,"goldEarned":11170,"totalDamageDealtToChampions":9976}]}