{"schema":{"fields":[{"name":"idx","type":"integer"},{"name":"gameDuration(min)","type":"integer"},{"name":"wins","type":"boolean"},{"name":"kills","type":"integer"},{"name":"deaths","type":"integer"},{"name":"assists","type":"integer"},{"name":"goldEarned","type":"integer"},{"name":"totalDamageDealtToChampions","type":"integer"}],"primaryKey":["idx"],"pandas_version":"0.20.0"},"data":[{"idx":0,"gameDuration(min)":25,"wins":false,"kills":9,"deaths":10,"assists":3,"goldEarned":10732,"totalDamageDealtToChampions":18500},{"idx":1,"gameDuration(min)":31,"wins":false,"kills":15,"deaths":14,"assists":7,"goldEarned":14864,"totalDamageDealtToChampions":29650},{"idx":2,"gameDuration(min)":18,"wins":false,"kills":3,"deaths":11,"assists":3,"goldEarned":6262,"totalDamageDealtToChampions":8629},{"idx":3,"gameDuration(min)":47,"wins":true,"kills":34,"deaths":17,"assists":13,"goldEarned":25921,"totalDamageDealtToChampions":99453},{"idx":4,"gameDuration(min)":32,"wins":false,"kills":11,"deaths":12,"assists":10,"goldEarned":17221,"totalDamageDealtToChampions":29214},{"idx":5,"gameDuration(min)":17,"wins":true,"kills":9,"deaths":3,"assists":0,"goldEarned":8071,"totalDamageDealtToChampions":17383},{"idx":6,"gameDuration(min)":20,"wins":true,"kills":23,"deaths":5,"assists":3,"goldEarned":15154,"totalDamageDealtToChampions":32215},{"idx":7,"gameDuration(min)":20,"wins":true,"kills":19,"deaths":4,"assists":0,"goldEarned":13933,"totalDamageDealtToChampions":34722},{"idx":8,"gameDuration(min)":29,"wins":false,"kills":20,"deaths":6,"assists":2,"goldEarned":15934,"totalDamageDealtToChampions":42273},{"idx":9,"gameDuration(min)":23,"wins":true,"kills":2,"deaths":2,"assists":7,"goldEarned":8709,"totalDamageDealtToChampions":7634},{"idx":10,"gameDuration(min)":3,"wins":false,"kills":0,"deaths":0,"assists":0,"goldEarned":1015,"totalDamageDealtToChampions":735},{"idx":11,"gameDuration(min)":24,"wins":true,"kills":9,"deaths":2,"assists":10,"goldEarned":11980,"totalDamageDealtToChampions":21988},{"idx":12,"gameDuration(min)":29,"wins":false,"kills":9,"deaths":8,"assists":8,"goldEarned":13979,"totalDamageDealtToChampions":23536},{"idx":13,"gameDuration(min)":29,"wins":false,"kills":7,"deaths":11,"assists":4,"goldEarned":12024,"totalDamageDealtToChampions":19915},{"idx":14,"gameDuration(min)":34,"wins":true,"kills":12,"deaths":1,"assists":6,"goldEarned":17047,"totalDamageDealtToChampions":28509},{"idx":15,"gameDuration(min)":28,"wins":true,"kills":13,"deaths":5,"assists":8,"goldEarned":14925,"totalDamageDealtToChampions":30487},{"idx":16,"gameDuration(min)":21,"wins":true,"kills":2,"deaths":5,"assists":3,"goldEarned":7030,"totalDamageDealtToChampions":7790},{"idx":17,"gameDuration(min)":11,"wins":false,"kills":3,"deaths":3,"assists":0,"goldEarned":3913,"totalDamageDealtToChampions":4647},{"idx":18,"gameDuration(min)":16,"wins":false,"kills":3,"deaths":4,"assists":0,"goldEarned":5806,"totalDamageDealtToChampions":5698},{"idx":19,"gameDuration(min)":9,"wins":false,"kills":0,"deaths":0,"assists":0,"goldEarned":0,"totalDamageDealtToChampions":0},{"idx":20,"gameDuration(min)":32,"wins":false,"kills":9,"deaths":8,"assists":3,"goldEarned":12378,"totalDamageDealtToChampions":24605},{"idx":21,"gameDuration(min)":16,"wins":true,"kills":7,"deaths":2,"assists":2,"goldEarned":7892,"totalDamageDealtToChampions":12116},{"idx":22,"gameDuration(min)":15,"wins":false,"kills":2,"deaths":4,"assists":1,"goldEarned":4920,"totalDamageDealtToChampions":9911},{"idx":23,"gameDuration(min)":16,"wins":false,"kills":4,"deaths":7,"assists":1,"goldEarned":5988,"totalDamageDealtToChampions":8345},{"idx":24,"gameDuration(min)":28,"wins":false,"kills":5,"deaths":12,"assists":7,"goldEarned":10317,"totalDamageDealtToChampions":17055},{"idx":25,"gameDuration(min)":18,"wins":false,"kills":12,"deaths":5,"assists":10,"goldEarned":13034,"totalDamageDealtToChampions":23856},{"idx":26,"gameDuration(min)":23,"wins":true,"kills":10,"deaths":9,"assists":15,"goldEarned":10685,"totalDamageDealtToChampions":23992},{"idx":27,"gameDuration(min)":21,"wins":true,"kills":20,"deaths":5,"assists":4,"goldEarned":13462,"totalDamageDealtToChampions":28747},{"idx":28,"gameDuration(min)":37,"wins":true,"kills":18,"deaths":13,"assists":10,"goldEarned":18649,"totalDamageDealtToChampions":59334},{"idx":29,"gameDuration(min)":15,"wins":false,"kills":1,"deaths":5,"assists":0,"goldEarned":4327,"totalDamageDealtToChampions":5594},{"idx":30,"gameDuration(min)":32,"wins":true,"kills":32,"deaths":5,"assists":7,"goldEarned":21451,"totalDamageDealtToChampions":61990},{"idx":31,"gameDuration(min)":32,"wins":false,"kills":18,"deaths":9,"assists":7,"goldEarned":17092,"totalDamageDealtToChampions":40784},{"idx":32,"gameDuration(min)":37,"wins":true,"kills":21,"deaths":13,"assists":8,"goldEarned":19477,"totalDamageDealtToChampions":60009},{"idx":33,"gameDuration(min)":28,"wins":false,"kills":9,"deaths":12,"assists":2,"goldEarned":10756,"totalDamageDealtToChampions":26369},{"idx":34,"gameDuration(min)":20,"wins":true,"kills":17,"deaths":3,"assists":4,"goldEarned":11198,"totalDamageDealtToChampions":22436},{"idx":35,"gameDuration(min)":30,"wins":true,"kills":6,"deaths":10,"assists":6,"goldEarned":12364,"totalDamageDealtToChampions":19366},{"idx":36,"gameDuration(min)":16,"wins":false,"kills":5,"deaths":5,"assists":1,"goldEarned":7054,"totalDamageDealtToChampions":8831},{"idx":37,"gameDuration(min)":24,"wins":false,"kills":12,"deaths":9,"assists":5,"goldEarned":12942,"totalDamageDealtToChampions":30590},{"idx":38,"gameDuration(min)":15,"wins":false,"kills":1,"deaths":6,"assists":2,"goldEarned":4645,"totalDamageDealtToChampions":6042},{"idx":39,"gameDuration(min)":28,"wins":true,"kills":27,"deaths":6,"assists":5,"goldEarned":18133,"totalDamageDealtToChampions":42433},{"idx":40,"gameDuration(min)":34,"wins":true,"kills":13,"deaths":11,"assists":7,"goldEarned":17308,"totalDamageDealtToChampions":49443},{"idx":41,"gameDuration(min)":35,"wins":false,"kills":15,"deaths":14,"assists":4,"goldEarned":16338,"totalDamageDealtToChampions":41292},{"idx":42,"gameDuration(min)":19,"wins":false,"kills":2,"deaths":3,"assists":0,"goldEarned":5165,"totalDamageDealtToChampions":5057},{"idx":43,"gameDuration(min)":22,"wins":false,"kills":10,"deaths":11,"assists":1,"goldEarned":11965,"totalDamageDealtToChampions":15173},{"idx":44,"gameDuration(min)":41,"wins":false,"kills":25,"deaths":14,"assists":6,"goldEarned":21997,"totalDamageDealtToChampions":67543},{"idx":45,"gameDuration(min)":29,"wins":true,"kills":7,"deaths":10,"assists":12,"goldEarned":11731,"totalDamageDealtToChampions":16399},{"idx":46,"gameDuration(min)":28,"wins":true,"kills":15,"deaths":6,"assists":6,"goldEarned":14462,"totalDamageDealtToChampions":33254},{"idx":47,"gameDuration(min)":30,"wins":true,"kills":27,"deaths":8,"assists":4,"goldEarned":19707,"totalDamageDealtToChampions":65903},{"idx":48,"gameDuration(min)":35,"wins":false,"kills":44,"deaths":8,"assists":0,"goldEarned":26478,"totalDamageDealtToChampions":77808},{"idx":49,"gameDuration(min)":25,"wins":true,"kills":33,"deaths":7,"assists":6,"goldEarned":20029,"totalDamageDealtToChampions":56434},{"idx":50,"gameDuration(min)":22,"wins":true,"kills":21,"deaths":3,"assists":6,"goldEarned":14623,"totalDamageDealtToChampions":31869},{"idx":51,"gameDuration(min)":21,"wins":true,"kills":19,"deaths":6,"assists":4,"goldEarned":13630,"totalDamageDealtToChampions":31711},{"idx":52,"gameDuration(min)":27,"wins":true,"kills":29,"deaths":6,"assists":4,"goldEarned":17796,"totalDamageDealtToChampions":61835},{"idx":53,"gameDuration(min)":23,"wins":true,"kills":15,"deaths":6,"assists":2,"goldEarned":11963,"totalDamageDealtToChampions":26665},{"idx":54,"gameDuration(min)":33,"wins":true,"kills":15,"deaths":10,"assists":9,"goldEarned":15279,"totalDamageDealtToChampions":29031},{"idx":55,"gameDuration(min)":22,"wins":false,"kills":3,"deaths":7,"assists":4,"goldEarned":7846,"totalDamageDealtToChampions":13073},{"idx":56,"gameDuration(min)":36,"wins":true,"kills":42,"deaths":7,"assists":8,"goldEarned":26181,"totalDamageDealtToChampions":85213},{"idx":57,"gameDuration(min)":37,"wins":true,"kills":22,"deaths":5,"assists":7,"goldEarned":19856,"totalDamageDealtToChampions":49520},{"idx":58,"gameDuration(min)":34,"wins":false,"kills":8,"deaths":16,"assists":12,"goldEarned":12316,"totalDamageDealtToChampions":25345},{"idx":59,"gameDuration(min)":16,"wins":true,"kills":17,"deaths":2,"assists":1,"goldEarned":10983,"totalDamageDealtToChampions":21329},{"idx":60,"gameDuration(min)":41,"wins":false,"kills":32,"deaths":11,"assists":7,"goldEarned":25109,"totalDamageDealtToChampions":75836},{"idx":61,"gameDuration(min)":26,"wins":true,"kills":16,"deaths":4,"assists":9,"goldEarned":13687,"totalDamageDealtToChampions":26650},{"idx":62,"gameDuration(min)":22,"wins":true,"kills":13,"deaths":2,"assists":9,"goldEarned":10574,"totalDamageDealtToChampions":30313},{"idx":63,"gameDuration(min)":31,"wins":false,"kills":36,"deaths":11,"assists":9,"goldEarned":21268,"totalDamageDealtToChampions":70116},{"idx":64,"gameDuration(min)":30,"wins":false,"kills":9,"deaths":11,"assists":4,"goldEarned":11706,"totalDamageDealtToChampions":27220},{"idx":65,"gameDuration(min)":35,"wins":false,"kills":15,"deaths":9,"assists":4,"goldEarned":15855,"totalDamageDealtToChampions":40850},{"idx":66,"gameDuration(min)":15,"wins":true,"kills":10,"deaths":2,"assists":0,"goldEarned":8543,"totalDamageDealtToChampions":12867},{"idx":67,"gameDuration(min)":26,"wins":true,"kills":24,"deaths":3,"assists":4,"goldEarned":17207,"totalDamageDealtToChampions":46694},{"idx":68,"gameDuration(min)":20,"wins":true,"kills":1,"deaths":2,"assists":6,"goldEarned":8294,"totalDamageDealtToChampions":7570},{"idx":69,"gameDuration(min)":20,"wins":true,"kills":6,"deaths":3,"assists":2,"goldEarned":8470,"totalDamageDealtToChampions":13560},{"idx":70,"gameDuration(min)":20,"wins":false,"kills":7,"deaths":5,"assists":0,"goldEarned":7437,"totalDamageDealtToChampions":10032},{"idx":71,"gameDuration(min)":27,"wins":true,"kills":12,"deaths":6,"assists":4,"goldEarned":12736,"totalDamageDealtToChampions":24806},{"idx":72,"gameDuration(min)":31,"wins":false,"kills":21,"deaths":10,"assists":3,"goldEarned":18454,"totalDamageDealtToChampions":47159},{"idx":73,"gameDuration(min)":41,"wins":false,"kills":11,"deaths":11,"assists":8,"goldEarned":17528,"totalDamageDealtToChampions":43653},{"idx":74,"gameDuration(min)":28,"wins":true,"kills":26,"deaths":4,"assists":4,"goldEarned":17111,"totalDamageDealtToChampions":52058},{"idx":75,"gameDuration(min)":28,"wins":false,"kills":35,"deaths":4,"assists":2,"goldEarned":23097,"totalDamageDealtToChampions":52740},{"idx":76,"gameDuration(min)":22,"wins":true,"kills":16,"deaths":6,"assists":2,"goldEarned":12591,"totalDamageDealtToChampions":32004},{"idx":77,"gameDuration(min)":16,"wins":true,"kills":16,"deaths":4,"assists":2,"goldEarned":11693,"totalDamageDealtToChampions":18895}]}