{"schema":{"fields":[{"name":"idx","type":"integer"},{"name":"gameDuration(min)","type":"integer"},{"name":"wins","type":"boolean"},{"name":"kills","type":"integer"},{"name":"deaths","type":"integer"},{"name":"assists","type":"integer"},{"name":"goldEarned","type":"integer"},{"name":"totalDamageDealtToChampions","type":"integer"}],"primaryKey":["idx"],"pandas_version":"0.20.0"},"data":[{"idx":0,"gameDuration(min)":3,"wins":false,"kills":0,"deaths":0,"assists":0,"goldEarned":686,"totalDamageDealtToChampions":0},{"idx":1,"gameDuration(min)":40,"wins":true,"kills":20,"deaths":6,"assists":9,"goldEarned":21884,"totalDamageDealtToChampions":58784},{"idx":2,"gameDuration(min)":28,"wins":false,"kills":12,"deaths":13,"assists":2,"goldEarned":12710,"totalDamageDealtToChampions":22257},{"idx":3,"gameDuration(min)":37,"wins":false,"kills":21,"deaths":8,"assists":7,"goldEarned":18556,"totalDamageDealtToChampions":57529},{"idx":4,"gameDuration(min)":25,"wins":false,"kills":22,"deaths":10,"assists":3,"goldEarned":15640,"totalDamageDealtToChampions":46922},{"idx":5,"gameDuration(min)":25,"wins":false,"kills":16,"deaths":12,"assists":2,"goldEarned":14409,"totalDamageDealtToChampions":32036},{"idx":6,"gameDuration(min)":24,"wins":true,"kills":24,"deaths":5,"assists":4,"goldEarned":17109,"totalDamageDealtToChampions":48036},{"idx":7,"gameDuration(min)":30,"wins":true,"kills":18,"deaths":8,"assists":1,"goldEarned":15840,"totalDamageDealtToChampions":28053},{"idx":8,"gameDuration(min)":31,"wins":true,"kills":16,"deaths":4,"assists":14,"goldEarned":16622,"totalDamageDealtToChampions":42933},{"idx":9,"gameDuration(min)":29,"wins":true,"kills":32,"deaths":6,"assists":5,"goldEarned":18474,"totalDamageDealtToChampions":58710},{"idx":10,"gameDuration(min)":30,"wins":true,"kills":34,"deaths":8,"assists":5,"goldEarned":24163,"totalDamageDealtToChampions":84299},{"idx":11,"gameDuration(min)":20,"wins":true,"kills":11,"deaths":6,"assists":2,"goldEarned":10093,"totalDamageDealtToChampions":21804},{"idx":12,"gameDuration(min)":34,"wins":true,"kills":13,"deaths":9,"assists":7,"goldEarned":14162,"totalDamageDealtToChampions":31909},{"idx":13,"gameDuration(min)":34,"wins":false,"kills":11,"deaths":12,"assists":3,"goldEarned":15431,"totalDamageDealtToChampions":32466},{"idx":14,"gameDuration(min)":27,"wins":true,"kills":9,"deaths":4,"assists":4,"goldEarned":11178,"totalDamageDealtToChampions":13637},{"idx":15,"gameDuration(min)":18,"wins":false,"kills":2,"deaths":5,"assists":0,"goldEarned":6011,"totalDamageDealtToChampions":5900},{"idx":16,"gameDuration(min)":38,"wins":false,"kills":8,"deaths":11,"assists":7,"goldEarned":13812,"totalDamageDealtToChampions":21734},{"idx":17,"gameDuration(min)":36,"wins":false,"kills":7,"deaths":7,"assists":4,"goldEarned":15189,"totalDamageDealtToChampions":26912},{"idx":18,"gameDuration(min)":15,"wins":false,"kills":15,"deaths":7,"assists":4,"goldEarned":16746,"totalDamageDealtToChampions":30024},{"idx":19,"gameDuration(min)":9,"wins":false,"kills":4,"deaths":6,"assists":4,"goldEarned":6291,"totalDamageDealtToChampions":6971},{"idx":20,"gameDuration(min)":19,"wins":true,"kills":33,"deaths":8,"assists":12,"goldEarned":20456,"totalDamageDealtToChampions":76239},{"idx":21,"gameDuration(min)":23,"wins":true,"kills":17,"deaths":6,"assists":6,"goldEarned":14582,"totalDamageDealtToChampions":29456},{"idx":22,"gameDuration(min)":43,"wins":true,"kills":29,"deaths":17,"assists":8,"goldEarned":23655,"totalDamageDealtToChampions":66087},{"idx":23,"gameDuration(min)":21,"wins":true,"kills":5,"deaths":6,"assists":6,"goldEarned":9425,"totalDamageDealtToChampions":15865},{"idx":24,"gameDuration(min)":24,"wins":false,"kills":4,"deaths":10,"assists":5,"goldEarned":7714,"totalDamageDealtToChampions":13997},{"idx":25,"gameDuration(min)":24,"wins":true,"kills":11,"deaths":4,"assists":3,"goldEarned":11638,"totalDamageDealtToChampions":25830},{"idx":26,"gameDuration(min)":43,"wins":false,"kills":14,"deaths":13,"assists":6,"goldEarned":17323,"totalDamageDealtToChampions":48312},{"idx":27,"gameDuration(min)":28,"wins":false,"kills":13,"deaths":11,"assists":6,"goldEarned":13469,"totalDamageDealtToChampions":34770},{"idx":28,"gameDuration(min)":15,"wins":false,"kills":0,"deaths":6,"assists":0,"goldEarned":3554,"totalDamageDealtToChampions":5369},{"idx":29,"gameDuration(min)":29,"wins":false,"kills":3,"deaths":10,"assists":2,"goldEarned":8826,"totalDamageDealtToChampions":18555},{"idx":30,"gameDuration(min)":19,"wins":false,"kills":6,"deaths":8,"assists":0,"goldEarned":7162,"totalDamageDealtToChampions":12642},{"idx":31,"gameDuration(min)":21,"wins":false,"kills":5,"deaths":7,"assists":4,"goldEarned":8446,"totalDamageDealtToChampions":9706},{"idx":32,"gameDuration(min)":20,"wins":false,"kills":4,"deaths":8,"assists":3,"goldEarned":7108,"totalDamageDealtToChampions":8783},{"idx":33,"gameDuration(min)":22,"wins":false,"kills":1,"deaths":6,"assists":4,"goldEarned":6267,"totalDamageDealtToChampions":7164},{"idx":34,"gameDuration(min)":26,"wins":true,"kills":13,"deaths":8,"assists":8,"goldEarned":12305,"totalDamageDealtToChampions":23457},{"idx":35,"gameDuration(min)":25,"wins":false,"kills":10,"deaths":6,"assists":3,"goldEarned":11607,"totalDamageDealtToChampions":22832},{"idx":36,"gameDuration(min)":27,"wins":true,"kills":19,"deaths":5,"assists":3,"goldEarned":15379,"totalDamageDealtToChampions":29166},{"idx":37,"gameDuration(min)":29,"wins":false,"kills":10,"deaths":9,"assists":5,"goldEarned":12968,"totalDamageDealtToChampions":19836},{"idx":38,"gameDuration(min)":25,"wins":true,"kills":22,"deaths":7,"assists":6,"goldEarned":15719,"totalDamageDealtToChampions":41651},{"idx":39,"gameDuration(min)":40,"wins":true,"kills":27,"deaths":11,"assists":10,"goldEarned":22207,"totalDamageDealtToChampions":53551},{"idx":40,"gameDuration(min)":21,"wins":true,"kills":22,"deaths":5,"assists":2,"goldEarned":14500,"totalDamageDealtToChampions":32236},{"idx":41,"gameDuration(min)":37,"wins":true,"kills":19,"deaths":8,"assists":7,"goldEarned":17522,"totalDamageDealtToChampions":49833},{"idx":42,"gameDuration(min)":36,"wins":false,"kills":11,"deaths":7,"assists":6,"goldEarned":16770,"totalDamageDealtToChampions":39550},{"idx":43,"gameDuration(min)":29,"wins":false,"kills":9,"deaths":6,"assists":5,"goldEarned":10879,"totalDamageDealtToChampions":27260}]}