{"schema":{"fields":[{"name":"idx","type":"integer"},{"name":"gameDuration(min)","type":"integer"},{"name":"wins","type":"boolean"},{"name":"kills","type":"integer"},{"name":"deaths","type":"integer"},{"name":"assists","type":"integer"},{"name":"goldEarned","type":"integer"},{"name":"totalDamageDealtToChampions","type":"integer"}],"primaryKey":["idx"],"pandas_version":"0.20.0"},"data":[{"idx":0,"gameDuration(min)":40,"wins":true,"kills":7,"deaths":6,"assists":10,"goldEarned":14264,"totalDamageDealtToChampions":23429},{"idx":1,"gameDuration(min)":27,"wins":false,"kills":8,"deaths":6,"assists":3,"goldEarned":14611,"totalDamageDealtToChampions":30872},{"idx":2,"gameDuration(min)":27,"wins":true,"kills":6,"deaths":4,"assists":10,"goldEarned":11739,"totalDamageDealtToChampions":17729},{"idx":3,"gameDuration(min)":24,"wins":false,"kills":1,"deaths":7,"assists":7,"goldEarned":8096,"totalDamageDealtToChampions":8372},{"idx":4,"gameDuration(min)":18,"wins":false,"kills":4,"deaths":2,"assists":0,"goldEarned":7815,"totalDamageDealtToChampions":7773},{"idx":5,"gameDuration(min)":15,"wins":true,"kills":4,"deaths":3,"assists":19,"goldEarned":13822,"totalDamageDealtToChampions":23960},{"idx":6,"gameDuration(min)":19,"wins":false,"kills":8,"deaths":7,"assists":14,"goldEarned":16249,"totalDamageDealtToChampions":20422},{"idx":7,"gameDuration(min)":47,"wins":false,"kills":13,"deaths":10,"assists":10,"goldEarned":19752,"totalDamageDealtToChampions":39786},{"idx":8,"gameDuration(min)":29,"wins":false,"kills":5,"deaths":17,"assists":14,"goldEarned":10515,"totalDamageDealtToChampions":24610},{"idx":9,"gameDuration(min)":30,"wins":true,"kills":10,"deaths":3,"assists":6,"goldEarned":13153,"totalDamageDealtToChampions":19060},{"idx":10,"gameDuration(min)":16,"wins":false,"kills":8,"deaths":5,"assists":9,"goldEarned":12256,"totalDamageDealtToChampions":23172},{"idx":11,"gameDuration(min)":25,"wins":false,"kills":1,"deaths":7,"assists":7,"goldEarned":7005,"totalDamageDealtToChampions":7771},{"idx":12,"gameDuration(min)":15,"wins":false,"kills":1,"deaths":3,"assists":0,"goldEarned":4662,"totalDamageDealtToChampions":5787}]}