{"schema":{"fields":[{"name":"idx","type":"integer"},{"name":"gameDuration(min)","type":"integer"},{"name":"wins","type":"boolean"},{"name":"kills","type":"integer"},{"name":"deaths","type":"integer"},{"name":"assists","type":"integer"},{"name":"goldEarned","type":"integer"},{"name":"totalDamageDealtToChampions","type":"integer"}],"primaryKey":["idx"],"pandas_version":"0.20.0"},"data":[{"idx":0,"gameDuration(min)":34,"wins":false,"kills":6,"deaths":12,"assists":8,"goldEarned":11970,"totalDamageDealtToChampions":19685},{"idx":1,"gameDuration(min)":28,"wins":true,"kills":6,"deaths":9,"assists":15,"goldEarned":9693,"totalDamageDealtToChampions":15917},{"idx":2,"gameDuration(min)":28,"wins":false,"kills":7,"deaths":7,"assists":8,"goldEarned":10517,"totalDamageDealtToChampions":25606}]}