{"schema":{"fields":[{"name":"idx","type":"integer"},{"name":"gameDuration(min)","type":"integer"},{"name":"wins","type":"boolean"},{"name":"kills","type":"integer"},{"name":"deaths","type":"integer"},{"name":"assists","type":"integer"},{"name":"goldEarned","type":"integer"},{"name":"totalDamageDealtToChampions","type":"integer"}],"primaryKey":["idx"],"pandas_version":"0.20.0"},"data":[{"idx":0,"gameDuration(min)":25,"wins":true,"kills":13,"deaths":2,"assists":5,"goldEarned":12231,"totalDamageDealtToChampions":18119},{"idx":1,"gameDuration(min)":30,"wins":false,"kills":16,"deaths":8,"assists":5,"goldEarned":14980,"totalDamageDealtToChampions":28049},{"idx":2,"gameDuration(min)":23,"wins":false,"kills":5,"deaths":7,"assists":3,"goldEarned":7986,"totalDamageDealtToChampions":17924},{"idx":3,"gameDuration(min)":21,"wins":true,"kills":3,"deaths":3,"assists":3,"goldEarned":9841,"totalDamageDealtToChampions":11027},{"idx":4,"gameDuration(min)":35,"wins":true,"kills":10,"deaths":4,"assists":12,"goldEarned":14995,"totalDamageDealtToChampions":27564},{"idx":5,"gameDuration(min)":36,"wins":true,"kills":11,"deaths":4,"assists":10,"goldEarned":17790,"totalDamageDealtToChampions":36067},{"idx":6,"gameDuration(min)":22,"wins":true,"kills":4,"deaths":0,"assists":7,"goldEarned":8256,"totalDamageDealtToChampions":10593},{"idx":7,"gameDuration(min)":26,"wins":false,"kills":3,"deaths":6,"assists":3,"goldEarned":9247,"totalDamageDealtToChampions":11851},{"idx":8,"gameDuration(min)":22,"wins":true,"kills":1,"deaths":2,"assists":5,"goldEarned":6583,"totalDamageDealtToChampions":8730},{"idx":9,"gameDuration(min)":18,"wins":true,"kills":5,"deaths":1,"assists":3,"goldEarned":7697,"totalDamageDealtToChampions":9475},{"idx":10,"gameDuration(min)":29,"wins":true,"kills":7,"deaths":6,"assists":6,"goldEarned":12677,"totalDamageDealtToChampions":21270},{"idx":11,"gameDuration(min)":44,"wins":true,"kills":9,"deaths":4,"assists":7,"goldEarned":17887,"totalDamageDealtToChampions":16602},{"idx":12,"gameDuration(min)":25,"wins":true,"kills":6,"deaths":2,"assists":2,"goldEarned":12226,"totalDamageDealtToChampions":20284},{"idx":13,"gameDuration(min)":25,"wins":true,"kills":9,"deaths":5,"assists":8,"goldEarned":11735,"totalDamageDealtToChampions":25485},{"idx":14,"gameDuration(min)":34,"wins":true,"kills":8,"deaths":10,"assists":11,"goldEarned":12568,"totalDamageDealtToChampions":28195},{"idx":15,"gameDuration(min)":23,"wins":true,"kills":4,"deaths":3,"assists":12,"goldEarned":8339,"totalDamageDealtToChampions":12686},{"idx":16,"gameDuration(min)":21,"wins":true,"kills":14,"deaths":10,"assists":27,"goldEarned":15318,"totalDamageDealtToChampions":32642},{"idx":17,"gameDuration(min)":31,"wins":true,"kills":17,"deaths":7,"assists":13,"goldEarned":14339,"totalDamageDealtToChampions":31692},{"idx":18,"gameDuration(min)":23,"wins":false,"kills":3,"deaths":5,"assists":2,"goldEarned":7252,"totalDamageDealtToChampions":8579},{"idx":19,"gameDuration(min)":27,"wins":false,"kills":3,"deaths":4,"assists":5,"goldEarned":9368,"totalDamageDealtToChampions":10653},{"idx":20,"gameDuration(min)":28,"wins":false,"kills":2,"deaths":11,"assists":6,"goldEarned":8306,"totalDamageDealtToChampions":12370},{"idx":21,"gameDuration(min)":20,"wins":false,"kills":1,"deaths":9,"assists":1,"goldEarned":5117,"totalDamageDealtToChampions":6720},{"idx":22,"gameDuration(min)":22,"wins":false,"kills":3,"deaths":6,"assists":2,"goldEarned":6795,"totalDamageDealtToChampions":12441},{"idx":23,"gameDuration(min)":24,"wins":true,"kills":9,"deaths":3,"assists":2,"goldEarned":10744,"totalDamageDealtToChampions":16085},{"idx":24,"gameDuration(min)":16,"wins":true,"kills":5,"deaths":1,"assists":5,"goldEarned":7237,"totalDamageDealtToChampions":10166},{"idx":25,"gameDuration(min)":36,"wins":false,"kills":8,"deaths":6,"assists":6,"goldEarned":14561,"totalDamageDealtToChampions":29606},{"idx":26,"gameDuration(min)":22,"wins":false,"kills":4,"deaths":4,"assists":2,"goldEarned":7861,"totalDamageDealtToChampions":13370},{"idx":27,"gameDuration(min)":40,"wins":false,"kills":5,"deaths":3,"assists":8,"goldEarned":14372,"totalDamageDealtToChampions":26771},{"idx":28,"gameDuration(min)":15,"wins":true,"kills":5,"deaths":0,"assists":4,"goldEarned":6670,"totalDamageDealtToChampions":7500},{"idx":29,"gameDuration(min)":23,"wins":false,"kills":2,"deaths":7,"assists":2,"goldEarned":7937,"totalDamageDealtToChampions":6644},{"idx":30,"gameDuration(min)":36,"wins":true,"kills":4,"deaths":7,"assists":10,"goldEarned":13649,"totalDamageDealtToChampions":31600},{"idx":31,"gameDuration(min)":19,"wins":true,"kills":9,"deaths":3,"assists":6,"goldEarned":8904,"totalDamageDealtToChampions":11338},{"idx":32,"gameDuration(min)":39,"wins":true,"kills":20,"deaths":4,"assists":6,"goldEarned":20819,"totalDamageDealtToChampions":51414},{"idx":33,"gameDuration(min)":38,"wins":true,"kills":11,"deaths":4,"assists":14,"goldEarned":15897,"totalDamageDealtToChampions":39779},{"idx":34,"gameDuration(min)":11,"wins":false,"kills":5,"deaths":0,"assists":2,"goldEarned":5566,"totalDamageDealtToChampions":4266},{"idx":35,"gameDuration(min)":16,"wins":false,"kills":2,"deaths":5,"assists":0,"goldEarned":6040,"totalDamageDealtToChampions":2088},{"idx":36,"gameDuration(min)":29,"wins":false,"kills":10,"deaths":8,"assists":12,"goldEarned":13369,"totalDamageDealtToChampions":17936},{"idx":37,"gameDuration(min)":23,"wins":true,"kills":3,"deaths":1,"assists":7,"goldEarned":9595,"totalDamageDealtToChampions":14408},{"idx":38,"gameDuration(min)":34,"wins":true,"kills":6,"deaths":5,"assists":10,"goldEarned":11939,"totalDamageDealtToChampions":17013},{"idx":39,"gameDuration(min)":37,"wins":true,"kills":14,"deaths":4,"assists":12,"goldEarned":16879,"totalDamageDealtToChampions":38772},{"idx":40,"gameDuration(min)":25,"wins":false,"kills":3,"deaths":8,"assists":5,"goldEarned":7388,"totalDamageDealtToChampions":7034},{"idx":41,"gameDuration(min)":31,"wins":true,"kills":8,"deaths":5,"assists":18,"goldEarned":10989,"totalDamageDealtToChampions":20563},{"idx":42,"gameDuration(min)":28,"wins":true,"kills":18,"deaths":2,"assists":4,"goldEarned":15380,"totalDamageDealtToChampions":30769},{"idx":43,"gameDuration(min)":30,"wins":false,"kills":8,"deaths":6,"assists":9,"goldEarned":13658,"totalDamageDealtToChampions":18711},{"idx":44,"gameDuration(min)":39,"wins":false,"kills":12,"deaths":13,"assists":6,"goldEarned":17110,"totalDamageDealtToChampions":33578},{"idx":45,"gameDuration(min)":18,"wins":true,"kills":10,"deaths":1,"assists":2,"goldEarned":10093,"totalDamageDealtToChampions":20777},{"idx":46,"gameDuration(min)":16,"wins":true,"kills":21,"deaths":1,"assists":5,"goldEarned":10560,"totalDamageDealtToChampions":21185},{"idx":47,"gameDuration(min)":25,"wins":false,"kills":8,"deaths":6,"assists":10,"goldEarned":9664,"totalDamageDealtToChampions":13232},{"idx":48,"gameDuration(min)":27,"wins":false,"kills":7,"deaths":4,"assists":2,"goldEarned":10501,"totalDamageDealtToChampions":19523},{"idx":49,"gameDuration(min)":25,"wins":true,"kills":7,"deaths":1,"assists":11,"goldEarned":10359,"totalDamageDealtToChampions":19289},{"idx":50,"gameDuration(min)":21,"wins":true,"kills":9,"deaths":1,"assists":6,"goldEarned":10119,"totalDamageDealtToChampions":18198},{"idx":51,"gameDuration(min)":31,"wins":false,"kills":8,"deaths":7,"assists":13,"goldEarned":11011,"totalDamageDealtToChampions":33552},{"idx":52,"gameDuration(min)":25,"wins":false,"kills":4,"deaths":3,"assists":3,"goldEarned":9271,"totalDamageDealtToChampions":11989},{"idx":53,"gameDuration(min)":9,"wins":true,"kills":0,"deaths":1,"assists":2,"goldEarned":5798,"totalDamageDealtToChampions":6707},{"idx":54,"gameDuration(min)":17,"wins":true,"kills":10,"deaths":6,"assists":9,"goldEarned":13717,"totalDamageDealtToChampions":25395},{"idx":55,"gameDuration(min)":29,"wins":false,"kills":3,"deaths":10,"assists":4,"goldEarned":9364,"totalDamageDealtToChampions":13999},{"idx":56,"gameDuration(min)":28,"wins":true,"kills":6,"deaths":2,"assists":7,"goldEarned":12774,"totalDamageDealtToChampions":20971},{"idx":57,"gameDuration(min)":24,"wins":true,"kills":4,"deaths":4,"assists":5,"goldEarned":9735,"totalDamageDealtToChampions":16940},{"idx":58,"gameDuration(min)":29,"wins":true,"kills":10,"deaths":2,"assists":3,"goldEarned":12983,"totalDamageDealtToChampions":21882},{"idx":59,"gameDuration(min)":15,"wins":false,"kills":1,"deaths":5,"assists":0,"goldEarned":4746,"totalDamageDealtToChampions":5185},{"idx":60,"gameDuration(min)":31,"wins":true,"kills":9,"deaths":2,"assists":9,"goldEarned":14266,"totalDamageDealtToChampions":30746}]}