{"schema":{"fields":[{"name":"idx","type":"integer"},{"name":"gameDuration(min)","type":"integer"},{"name":"wins","type":"boolean"},{"name":"kills","type":"integer"},{"name":"deaths","type":"integer"},{"name":"assists","type":"integer"},{"name":"goldEarned","type":"integer"},{"name":"totalDamageDealtToChampions","type":"integer"}],"primaryKey":["idx"],"pandas_version":"0.20.0"},"data":[{"idx":0,"gameDuration(min)":24,"wins":true,"kills":2,"deaths":7,"assists":7,"goldEarned":7986,"totalDamageDealtToChampions":11454},{"idx":1,"gameDuration(min)":27,"wins":true,"kills":4,"deaths":3,"assists":4,"goldEarned":9573,"totalDamageDealtToChampions":7993},{"idx":2,"gameDuration(min)":23,"wins":true,"kills":0,"deaths":4,"assists":1,"goldEarned":5936,"totalDamageDealtToChampions":2431},{"idx":3,"gameDuration(min)":31,"wins":false,"kills":2,"deaths":7,"assists":5,"goldEarned":8929,"totalDamageDealtToChampions":11740},{"idx":4,"gameDuration(min)":27,"wins":false,"kills":3,"deaths":10,"assists":8,"goldEarned":9540,"totalDamageDealtToChampions":12749},{"idx":5,"gameDuration(min)":16,"wins":false,"kills":0,"deaths":2,"assists":0,"goldEarned":4526,"totalDamageDealtToChampions":3399},{"idx":6,"gameDuration(min)":31,"wins":false,"kills":2,"deaths":9,"assists":10,"goldEarned":9026,"totalDamageDealtToChampions":13063},{"idx":7,"gameDuration(min)":23,"wins":true,"kills":6,"deaths":4,"assists":13,"goldEarned":9065,"totalDamageDealtToChampions":14436},{"idx":8,"gameDuration(min)":34,"wins":false,"kills":0,"deaths":9,"assists":6,"goldEarned":7192,"totalDamageDealtToChampions":4401},{"idx":9,"gameDuration(min)":51,"wins":false,"kills":7,"deaths":8,"assists":7,"goldEarned":18169,"totalDamageDealtToChampions":23753},{"idx":10,"gameDuration(min)":14,"wins":true,"kills":2,"deaths":1,"assists":1,"goldEarned":6161,"totalDamageDealtToChampions":3906},{"idx":11,"gameDuration(min)":30,"wins":true,"kills":15,"deaths":1,"assists":19,"goldEarned":14401,"totalDamageDealtToChampions":25438},{"idx":12,"gameDuration(min)":50,"wins":false,"kills":6,"deaths":9,"assists":11,"goldEarned":16152,"totalDamageDealtToChampions":30786},{"idx":13,"gameDuration(min)":43,"wins":true,"kills":1,"deaths":8,"assists":17,"goldEarned":13410,"totalDamageDealtToChampions":14171},{"idx":14,"gameDuration(min)":45,"wins":false,"kills":5,"deaths":7,"assists":22,"goldEarned":13320,"totalDamageDealtToChampions":22970},{"idx":15,"gameDuration(min)":32,"wins":true,"kills":2,"deaths":4,"assists":7,"goldEarned":9119,"totalDamageDealtToChampions":10664},{"idx":16,"gameDuration(min)":24,"wins":false,"kills":3,"deaths":9,"assists":5,"goldEarned":7389,"totalDamageDealtToChampions":10112},{"idx":17,"gameDuration(min)":26,"wins":true,"kills":10,"deaths":2,"assists":15,"goldEarned":11710,"totalDamageDealtToChampions":19805}]}