{"schema":{"fields":[{"name":"idx","type":"integer"},{"name":"gameDuration(min)","type":"integer"},{"name":"wins","type":"boolean"},{"name":"kills","type":"integer"},{"name":"deaths","type":"integer"},{"name":"assists","type":"integer"},{"name":"goldEarned","type":"integer"},{"name":"totalDamageDealtToChampions","type":"integer"}],"primaryKey":["idx"],"pandas_version":"0.20.0"},"data":[{"idx":0,"gameDuration(min)":16,"wins":false,"kills":5,"deaths":4,"assists":0,"goldEarned":6407,"totalDamageDealtToChampions":5568},{"idx":1,"gameDuration(min)":25,"wins":false,"kills":3,"deaths":8,"assists":2,"goldEarned":8479,"totalDamageDealtToChampions":10984},{"idx":2,"gameDuration(min)":32,"wins":false,"kills":15,"deaths":5,"assists":8,"goldEarned":18136,"totalDamageDealtToChampions":20485},{"idx":3,"gameDuration(min)":24,"wins":true,"kills":11,"deaths":0,"assists":8,"goldEarned":12247,"totalDamageDealtToChampions":21241},{"idx":4,"gameDuration(min)":34,"wins":false,"kills":9,"deaths":11,"assists":10,"goldEarned":9802,"totalDamageDealtToChampions":28105},{"idx":5,"gameDuration(min)":20,"wins":false,"kills":0,"deaths":6,"assists":1,"goldEarned":5553,"totalDamageDealtToChampions":5099},{"idx":6,"gameDuration(min)":39,"wins":false,"kills":22,"deaths":14,"assists":1,"goldEarned":19942,"totalDamageDealtToChampions":51128},{"idx":7,"gameDuration(min)":22,"wins":false,"kills":4,"deaths":6,"assists":3,"goldEarned":8241,"totalDamageDealtToChampions":18735},{"idx":8,"gameDuration(min)":16,"wins":true,"kills":3,"deaths":3,"assists":6,"goldEarned":6965,"totalDamageDealtToChampions":6690},{"idx":9,"gameDuration(min)":34,"wins":false,"kills":3,"deaths":7,"assists":4,"goldEarned":9373,"totalDamageDealtToChampions":6128},{"idx":10,"gameDuration(min)":21,"wins":false,"kills":1,"deaths":4,"assists":2,"goldEarned":6201,"totalDamageDealtToChampions":6294},{"idx":11,"gameDuration(min)":43,"wins":false,"kills":5,"deaths":11,"assists":7,"goldEarned":13921,"totalDamageDealtToChampions":18316},{"idx":12,"gameDuration(min)":34,"wins":true,"kills":16,"deaths":7,"assists":8,"goldEarned":18336,"totalDamageDealtToChampions":34547},{"idx":13,"gameDuration(min)":22,"wins":true,"kills":7,"deaths":2,"assists":3,"goldEarned":9329,"totalDamageDealtToChampions":11024},{"idx":14,"gameDuration(min)":25,"wins":true,"kills":1,"deaths":9,"assists":10,"goldEarned":7842,"totalDamageDealtToChampions":13463},{"idx":15,"gameDuration(min)":29,"wins":true,"kills":3,"deaths":8,"assists":13,"goldEarned":10636,"totalDamageDealtToChampions":12646},{"idx":16,"gameDuration(min)":32,"wins":false,"kills":4,"deaths":13,"assists":7,"goldEarned":9309,"totalDamageDealtToChampions":16929},{"idx":17,"gameDuration(min)":30,"wins":true,"kills":5,"deaths":8,"assists":10,"goldEarned":10746,"totalDamageDealtToChampions":19614},{"idx":18,"gameDuration(min)":28,"wins":true,"kills":1,"deaths":7,"assists":2,"goldEarned":10172,"totalDamageDealtToChampions":8824},{"idx":19,"gameDuration(min)":15,"wins":false,"kills":7,"deaths":11,"assists":9,"goldEarned":9943,"totalDamageDealtToChampions":16126},{"idx":20,"gameDuration(min)":17,"wins":true,"kills":4,"deaths":11,"assists":27,"goldEarned":10819,"totalDamageDealtToChampions":14514},{"idx":21,"gameDuration(min)":27,"wins":false,"kills":5,"deaths":9,"assists":6,"goldEarned":7555,"totalDamageDealtToChampions":19942},{"idx":22,"gameDuration(min)":31,"wins":false,"kills":1,"deaths":5,"assists":9,"goldEarned":6812,"totalDamageDealtToChampions":11220},{"idx":23,"gameDuration(min)":40,"wins":true,"kills":9,"deaths":5,"assists":14,"goldEarned":16532,"totalDamageDealtToChampions":34661},{"idx":24,"gameDuration(min)":25,"wins":true,"kills":0,"deaths":3,"assists":4,"goldEarned":9675,"totalDamageDealtToChampions":9450},{"idx":25,"gameDuration(min)":35,"wins":true,"kills":1,"deaths":9,"assists":4,"goldEarned":10380,"totalDamageDealtToChampions":13251},{"idx":26,"gameDuration(min)":27,"wins":false,"kills":4,"deaths":6,"assists":9,"goldEarned":8930,"totalDamageDealtToChampions":22829},{"idx":27,"gameDuration(min)":35,"wins":true,"kills":9,"deaths":6,"assists":13,"goldEarned":15204,"totalDamageDealtToChampions":38597},{"idx":28,"gameDuration(min)":19,"wins":true,"kills":4,"deaths":12,"assists":16,"goldEarned":11463,"totalDamageDealtToChampions":19981},{"idx":29,"gameDuration(min)":20,"wins":false,"kills":3,"deaths":6,"assists":3,"goldEarned":6594,"totalDamageDealtToChampions":9445},{"idx":30,"gameDuration(min)":21,"wins":true,"kills":11,"deaths":1,"assists":6,"goldEarned":9086,"totalDamageDealtToChampions":14452},{"idx":31,"gameDuration(min)":47,"wins":true,"kills":15,"deaths":9,"assists":19,"goldEarned":20574,"totalDamageDealtToChampions":63032},{"idx":32,"gameDuration(min)":27,"wins":true,"kills":6,"deaths":7,"assists":13,"goldEarned":11052,"totalDamageDealtToChampions":19708},{"idx":33,"gameDuration(min)":27,"wins":false,"kills":6,"deaths":7,"assists":1,"goldEarned":9637,"totalDamageDealtToChampions":12108},{"idx":34,"gameDuration(min)":3,"wins":true,"kills":0,"deaths":0,"assists":0,"goldEarned":793,"totalDamageDealtToChampions":263},{"idx":35,"gameDuration(min)":31,"wins":true,"kills":7,"deaths":8,"assists":9,"goldEarned":10997,"totalDamageDealtToChampions":22431},{"idx":36,"gameDuration(min)":37,"wins":true,"kills":13,"deaths":6,"assists":11,"goldEarned":16766,"totalDamageDealtToChampions":35055},{"idx":37,"gameDuration(min)":28,"wins":false,"kills":1,"deaths":9,"assists":1,"goldEarned":7940,"totalDamageDealtToChampions":9775},{"idx":38,"gameDuration(min)":25,"wins":true,"kills":5,"deaths":8,"assists":8,"goldEarned":9383,"totalDamageDealtToChampions":14561},{"idx":39,"gameDuration(min)":3,"wins":true,"kills":0,"deaths":0,"assists":0,"goldEarned":1061,"totalDamageDealtToChampions":0},{"idx":40,"gameDuration(min)":21,"wins":false,"kills":2,"deaths":2,"assists":2,"goldEarned":7372,"totalDamageDealtToChampions":10950},{"idx":41,"gameDuration(min)":29,"wins":false,"kills":5,"deaths":7,"assists":9,"goldEarned":10647,"totalDamageDealtToChampions":13926},{"idx":42,"gameDuration(min)":17,"wins":true,"kills":4,"deaths":0,"assists":1,"goldEarned":6284,"totalDamageDealtToChampions":3467},{"idx":43,"gameDuration(min)":21,"wins":false,"kills":1,"deaths":6,"assists":0,"goldEarned":6722,"totalDamageDealtToChampions":2742},{"idx":44,"gameDuration(min)":34,"wins":true,"kills":5,"deaths":8,"assists":5,"goldEarned":13466,"totalDamageDealtToChampions":16792},{"idx":45,"gameDuration(min)":37,"wins":true,"kills":9,"deaths":4,"assists":10,"goldEarned":16102,"totalDamageDealtToChampions":29970},{"idx":46,"gameDuration(min)":23,"wins":true,"kills":5,"deaths":2,"assists":10,"goldEarned":9945,"totalDamageDealtToChampions":17121},{"idx":47,"gameDuration(min)":22,"wins":false,"kills":8,"deaths":4,"assists":1,"goldEarned":8186,"totalDamageDealtToChampions":7736},{"idx":48,"gameDuration(min)":25,"wins":false,"kills":7,"deaths":3,"assists":4,"goldEarned":10635,"totalDamageDealtToChampions":15462},{"idx":49,"gameDuration(min)":29,"wins":false,"kills":5,"deaths":11,"assists":4,"goldEarned":9969,"totalDamageDealtToChampions":16477},{"idx":50,"gameDuration(min)":23,"wins":false,"kills":6,"deaths":9,"assists":0,"goldEarned":8538,"totalDamageDealtToChampions":9876},{"idx":51,"gameDuration(min)":23,"wins":false,"kills":2,"deaths":3,"assists":2,"goldEarned":6896,"totalDamageDealtToChampions":9194},{"idx":52,"gameDuration(min)":26,"wins":true,"kills":2,"deaths":5,"assists":7,"goldEarned":9508,"totalDamageDealtToChampions":8568},{"idx":53,"gameDuration(min)":16,"wins":false,"kills":1,"deaths":2,"assists":1,"goldEarned":3966,"totalDamageDealtToChampions":4291},{"idx":54,"gameDuration(min)":8,"wins":false,"kills":0,"deaths":1,"assists":1,"goldEarned":2986,"totalDamageDealtToChampions":372},{"idx":55,"gameDuration(min)":32,"wins":false,"kills":4,"deaths":7,"assists":10,"goldEarned":9913,"totalDamageDealtToChampions":20084},{"idx":56,"gameDuration(min)":37,"wins":false,"kills":6,"deaths":7,"assists":5,"goldEarned":11361,"totalDamageDealtToChampions":16179},{"idx":57,"gameDuration(min)":35,"wins":false,"kills":5,"deaths":8,"assists":9,"goldEarned":12553,"totalDamageDealtToChampions":22833},{"idx":58,"gameDuration(min)":20,"wins":true,"kills":3,"deaths":3,"assists":2,"goldEarned":5882,"totalDamageDealtToChampions":5762},{"idx":59,"gameDuration(min)":21,"wins":false,"kills":1,"deaths":8,"assists":6,"goldEarned":5928,"totalDamageDealtToChampions":8603},{"idx":60,"gameDuration(min)":25,"wins":false,"kills":5,"deaths":8,"assists":3,"goldEarned":10067,"totalDamageDealtToChampions":10660},{"idx":61,"gameDuration(min)":23,"wins":true,"kills":3,"deaths":3,"assists":9,"goldEarned":8197,"totalDamageDealtToChampions":19618},{"idx":62,"gameDuration(min)":20,"wins":true,"kills":4,"deaths":1,"assists":7,"goldEarned":7752,"totalDamageDealtToChampions":14894},{"idx":63,"gameDuration(min)":29,"wins":false,"kills":7,"deaths":7,"assists":7,"goldEarned":10513,"totalDamageDealtToChampions":14117},{"idx":64,"gameDuration(min)":22,"wins":false,"kills":2,"deaths":16,"assists":8,"goldEarned":6549,"totalDamageDealtToChampions":15779},{"idx":65,"gameDuration(min)":39,"wins":true,"kills":3,"deaths":15,"assists":18,"goldEarned":14092,"totalDamageDealtToChampions":28696},{"idx":66,"gameDuration(min)":44,"wins":false,"kills":5,"deaths":10,"assists":22,"goldEarned":12926,"totalDamageDealtToChampions":13165},{"idx":67,"gameDuration(min)":20,"wins":true,"kills":4,"deaths":4,"assists":4,"goldEarned":7509,"totalDamageDealtToChampions":7397},{"idx":68,"gameDuration(min)":32,"wins":false,"kills":7,"deaths":8,"assists":18,"goldEarned":12682,"totalDamageDealtToChampions":25974},{"idx":69,"gameDuration(min)":37,"wins":false,"kills":1,"deaths":4,"assists":6,"goldEarned":10593,"totalDamageDealtToChampions":12047},{"idx":70,"gameDuration(min)":25,"wins":false,"kills":1,"deaths":6,"assists":17,"goldEarned":6880,"totalDamageDealtToChampions":8112},{"idx":71,"gameDuration(min)":25,"wins":false,"kills":1,"deaths":11,"assists":5,"goldEarned":5965,"totalDamageDealtToChampions":7798},{"idx":72,"gameDuration(min)":24,"wins":true,"kills":3,"deaths":7,"assists":8,"goldEarned":7675,"totalDamageDealtToChampions":11894},{"idx":73,"gameDuration(min)":31,"wins":false,"kills":2,"deaths":9,"assists":8,"goldEarned":7889,"totalDamageDealtToChampions":14533},{"idx":74,"gameDuration(min)":18,"wins":false,"kills":2,"deaths":5,"assists":3,"goldEarned":5521,"totalDamageDealtToChampions":7782},{"idx":75,"gameDuration(min)":47,"wins":true,"kills":4,"deaths":15,"assists":14,"goldEarned":14426,"totalDamageDealtToChampions":23854},{"idx":76,"gameDuration(min)":24,"wins":false,"kills":5,"deaths":2,"assists":1,"goldEarned":10616,"totalDamageDealtToChampions":13296},{"idx":77,"gameDuration(min)":36,"wins":false,"kills":11,"deaths":6,"assists":10,"goldEarned":15035,"totalDamageDealtToChampions":27361},{"idx":78,"gameDuration(min)":31,"wins":false,"kills":5,"deaths":6,"assists":6,"goldEarned":10641,"totalDamageDealtToChampions":15529},{"idx":79,"gameDuration(min)":26,"wins":false,"kills":1,"deaths":12,"assists":7,"goldEarned":7215,"totalDamageDealtToChampions":12594},{"idx":80,"gameDuration(min)":25,"wins":true,"kills":2,"deaths":5,"assists":7,"goldEarned":6519,"totalDamageDealtToChampions":11400},{"idx":81,"gameDuration(min)":21,"wins":false,"kills":1,"deaths":7,"assists":9,"goldEarned":6209,"totalDamageDealtToChampions":5149},{"idx":82,"gameDuration(min)":15,"wins":true,"kills":2,"deaths":0,"assists":5,"goldEarned":4987,"totalDamageDealtToChampions":5574},{"idx":83,"gameDuration(min)":26,"wins":false,"kills":3,"deaths":6,"assists":11,"goldEarned":8606,"totalDamageDealtToChampions":16335},{"idx":84,"gameDuration(min)":27,"wins":true,"kills":4,"deaths":4,"assists":7,"goldEarned":11962,"totalDamageDealtToChampions":11558},{"idx":85,"gameDuration(min)":32,"wins":false,"kills":3,"deaths":9,"assists":5,"goldEarned":11165,"totalDamageDealtToChampions":16957},{"idx":86,"gameDuration(min)":35,"wins":false,"kills":5,"deaths":16,"assists":6,"goldEarned":12057,"totalDamageDealtToChampions":15035},{"idx":87,"gameDuration(min)":26,"wins":true,"kills":6,"deaths":5,"assists":7,"goldEarned":10643,"totalDamageDealtToChampions":16178},{"idx":88,"gameDuration(min)":29,"wins":true,"kills":8,"deaths":6,"assists":6,"goldEarned":11108,"totalDamageDealtToChampions":15353},{"idx":89,"gameDuration(min)":27,"wins":false,"kills":8,"deaths":9,"assists":4,"goldEarned":10241,"totalDamageDealtToChampions":14243},{"idx":90,"gameDuration(min)":16,"wins":false,"kills":0,"deaths":5,"assists":0,"goldEarned":4185,"totalDamageDealtToChampions":3097},{"idx":91,"gameDuration(min)":31,"wins":false,"kills":18,"deaths":8,"assists":3,"goldEarned":16749,"totalDamageDealtToChampions":35193},{"idx":92,"gameDuration(min)":23,"wins":true,"kills":10,"deaths":3,"assists":8,"goldEarned":12084,"totalDamageDealtToChampions":21218},{"idx":93,"gameDuration(min)":34,"wins":false,"kills":2,"deaths":8,"assists":5,"goldEarned":9714,"totalDamageDealtToChampions":15181}]}