{"schema":{"fields":[{"name":"idx","type":"integer"},{"name":"gameDuration(min)","type":"integer"},{"name":"wins","type":"boolean"},{"name":"kills","type":"integer"},{"name":"deaths","type":"integer"},{"name":"assists","type":"integer"},{"name":"goldEarned","type":"integer"},{"name":"totalDamageDealtToChampions","type":"integer"}],"primaryKey":["idx"],"pandas_version":"0.20.0"},"data":[{"idx":0,"gameDuration(min)":25,"wins":true,"kills":7,"deaths":5,"assists":8,"goldEarned":10439,"totalDamageDealtToChampions":12824},{"idx":1,"gameDuration(min)":27,"wins":false,"kills":3,"deaths":13,"assists":2,"goldEarned":7323,"totalDamageDealtToChampions":12002},{"idx":2,"gameDuration(min)":31,"wins":false,"kills":3,"deaths":14,"assists":9,"goldEarned":9494,"totalDamageDealtToChampions":11627},{"idx":3,"gameDuration(min)":25,"wins":false,"kills":7,"deaths":9,"assists":3,"goldEarned":10782,"totalDamageDealtToChampions":15073},{"idx":4,"gameDuration(min)":16,"wins":true,"kills":14,"deaths":2,"assists":4,"goldEarned":9539,"totalDamageDealtToChampions":14589},{"idx":5,"gameDuration(min)":28,"wins":false,"kills":4,"deaths":8,"assists":5,"goldEarned":8776,"totalDamageDealtToChampions":8013},{"idx":6,"gameDuration(min)":19,"wins":true,"kills":2,"deaths":5,"assists":7,"goldEarned":6422,"totalDamageDealtToChampions":4921},{"idx":7,"gameDuration(min)":24,"wins":false,"kills":4,"deaths":6,"assists":11,"goldEarned":7051,"totalDamageDealtToChampions":10985},{"idx":8,"gameDuration(min)":29,"wins":true,"kills":18,"deaths":8,"assists":10,"goldEarned":13674,"totalDamageDealtToChampions":34230},{"idx":9,"gameDuration(min)":21,"wins":false,"kills":2,"deaths":8,"assists":3,"goldEarned":6359,"totalDamageDealtToChampions":3459},{"idx":10,"gameDuration(min)":20,"wins":false,"kills":5,"deaths":7,"assists":0,"goldEarned":7980,"totalDamageDealtToChampions":9357},{"idx":11,"gameDuration(min)":32,"wins":false,"kills":5,"deaths":11,"assists":4,"goldEarned":10194,"totalDamageDealtToChampions":20704},{"idx":12,"gameDuration(min)":27,"wins":true,"kills":9,"deaths":4,"assists":8,"goldEarned":12540,"totalDamageDealtToChampions":18145},{"idx":13,"gameDuration(min)":35,"wins":false,"kills":8,"deaths":10,"assists":7,"goldEarned":14177,"totalDamageDealtToChampions":26849},{"idx":14,"gameDuration(min)":18,"wins":true,"kills":3,"deaths":3,"assists":7,"goldEarned":7982,"totalDamageDealtToChampions":8406},{"idx":15,"gameDuration(min)":3,"wins":true,"kills":1,"deaths":0,"assists":0,"goldEarned":1256,"totalDamageDealtToChampions":566},{"idx":16,"gameDuration(min)":37,"wins":true,"kills":2,"deaths":16,"assists":7,"goldEarned":10494,"totalDamageDealtToChampions":17139},{"idx":17,"gameDuration(min)":16,"wins":true,"kills":3,"deaths":2,"assists":4,"goldEarned":4632,"totalDamageDealtToChampions":5862},{"idx":18,"gameDuration(min)":20,"wins":false,"kills":2,"deaths":3,"assists":3,"goldEarned":6400,"totalDamageDealtToChampions":6970},{"idx":19,"gameDuration(min)":45,"wins":true,"kills":14,"deaths":8,"assists":16,"goldEarned":15949,"totalDamageDealtToChampions":38369},{"idx":20,"gameDuration(min)":35,"wins":false,"kills":5,"deaths":10,"assists":7,"goldEarned":10466,"totalDamageDealtToChampions":21485},{"idx":21,"gameDuration(min)":24,"wins":false,"kills":5,"deaths":8,"assists":2,"goldEarned":7466,"totalDamageDealtToChampions":8353},{"idx":22,"gameDuration(min)":21,"wins":true,"kills":3,"deaths":4,"assists":2,"goldEarned":5902,"totalDamageDealtToChampions":3404},{"idx":23,"gameDuration(min)":38,"wins":true,"kills":17,"deaths":8,"assists":9,"goldEarned":17883,"totalDamageDealtToChampions":40840},{"idx":24,"gameDuration(min)":31,"wins":true,"kills":12,"deaths":6,"assists":7,"goldEarned":12016,"totalDamageDealtToChampions":27278},{"idx":25,"gameDuration(min)":41,"wins":true,"kills":8,"deaths":10,"assists":18,"goldEarned":14571,"totalDamageDealtToChampions":25327},{"idx":26,"gameDuration(min)":25,"wins":false,"kills":2,"deaths":6,"assists":1,"goldEarned":7238,"totalDamageDealtToChampions":6054},{"idx":27,"gameDuration(min)":31,"wins":true,"kills":5,"deaths":7,"assists":12,"goldEarned":12428,"totalDamageDealtToChampions":17051},{"idx":28,"gameDuration(min)":31,"wins":false,"kills":4,"deaths":15,"assists":5,"goldEarned":9648,"totalDamageDealtToChampions":13914},{"idx":29,"gameDuration(min)":26,"wins":true,"kills":7,"deaths":6,"assists":7,"goldEarned":10776,"totalDamageDealtToChampions":12426},{"idx":30,"gameDuration(min)":16,"wins":false,"kills":2,"deaths":7,"assists":2,"goldEarned":5343,"totalDamageDealtToChampions":5916},{"idx":31,"gameDuration(min)":42,"wins":true,"kills":8,"deaths":10,"assists":11,"goldEarned":14064,"totalDamageDealtToChampions":11817},{"idx":32,"gameDuration(min)":21,"wins":true,"kills":8,"deaths":0,"assists":1,"goldEarned":10373,"totalDamageDealtToChampions":12585},{"idx":33,"gameDuration(min)":29,"wins":false,"kills":11,"deaths":12,"assists":9,"goldEarned":12265,"totalDamageDealtToChampions":28627},{"idx":34,"gameDuration(min)":30,"wins":true,"kills":4,"deaths":8,"assists":21,"goldEarned":9410,"totalDamageDealtToChampions":8910},{"idx":35,"gameDuration(min)":34,"wins":true,"kills":13,"deaths":11,"assists":11,"goldEarned":13048,"totalDamageDealtToChampions":27651},{"idx":36,"gameDuration(min)":20,"wins":true,"kills":8,"deaths":3,"assists":1,"goldEarned":9438,"totalDamageDealtToChampions":7947},{"idx":37,"gameDuration(min)":17,"wins":true,"kills":1,"deaths":2,"assists":6,"goldEarned":4942,"totalDamageDealtToChampions":6110},{"idx":38,"gameDuration(min)":20,"wins":true,"kills":3,"deaths":4,"assists":5,"goldEarned":7707,"totalDamageDealtToChampions":4158},{"idx":39,"gameDuration(min)":32,"wins":true,"kills":0,"deaths":8,"assists":21,"goldEarned":9066,"totalDamageDealtToChampions":7973},{"idx":40,"gameDuration(min)":23,"wins":true,"kills":3,"deaths":7,"assists":4,"goldEarned":7463,"totalDamageDealtToChampions":15710},{"idx":41,"gameDuration(min)":25,"wins":false,"kills":8,"deaths":11,"assists":4,"goldEarned":10354,"totalDamageDealtToChampions":12578},{"idx":42,"gameDuration(min)":21,"wins":false,"kills":2,"deaths":10,"assists":0,"goldEarned":5501,"totalDamageDealtToChampions":4300},{"idx":43,"gameDuration(min)":25,"wins":true,"kills":3,"deaths":5,"assists":8,"goldEarned":9750,"totalDamageDealtToChampions":10971},{"idx":44,"gameDuration(min)":28,"wins":false,"kills":7,"deaths":7,"assists":10,"goldEarned":11197,"totalDamageDealtToChampions":19289},{"idx":45,"gameDuration(min)":22,"wins":false,"kills":5,"deaths":6,"assists":4,"goldEarned":6952,"totalDamageDealtToChampions":8349},{"idx":46,"gameDuration(min)":39,"wins":true,"kills":2,"deaths":16,"assists":23,"goldEarned":10185,"totalDamageDealtToChampions":10274},{"idx":47,"gameDuration(min)":22,"wins":true,"kills":2,"deaths":0,"assists":14,"goldEarned":7189,"totalDamageDealtToChampions":5514},{"idx":48,"gameDuration(min)":21,"wins":false,"kills":1,"deaths":4,"assists":5,"goldEarned":4621,"totalDamageDealtToChampions":5751},{"idx":49,"gameDuration(min)":23,"wins":true,"kills":0,"deaths":3,"assists":8,"goldEarned":5900,"totalDamageDealtToChampions":5768},{"idx":50,"gameDuration(min)":26,"wins":false,"kills":2,"deaths":8,"assists":7,"goldEarned":7172,"totalDamageDealtToChampions":11883},{"idx":51,"gameDuration(min)":20,"wins":true,"kills":7,"deaths":3,"assists":4,"goldEarned":7982,"totalDamageDealtToChampions":9902},{"idx":52,"gameDuration(min)":22,"wins":true,"kills":0,"deaths":4,"assists":16,"goldEarned":6161,"totalDamageDealtToChampions":8932},{"idx":53,"gameDuration(min)":37,"wins":true,"kills":15,"deaths":7,"assists":13,"goldEarned":18645,"totalDamageDealtToChampions":22026},{"idx":54,"gameDuration(min)":19,"wins":false,"kills":4,"deaths":15,"assists":9,"goldEarned":11553,"totalDamageDealtToChampions":11586},{"idx":55,"gameDuration(min)":27,"wins":true,"kills":5,"deaths":3,"assists":8,"goldEarned":10535,"totalDamageDealtToChampions":16590},{"idx":56,"gameDuration(min)":27,"wins":true,"kills":8,"deaths":5,"assists":6,"goldEarned":11186,"totalDamageDealtToChampions":14720},{"idx":57,"gameDuration(min)":23,"wins":false,"kills":1,"deaths":11,"assists":9,"goldEarned":6111,"totalDamageDealtToChampions":5040},{"idx":58,"gameDuration(min)":28,"wins":true,"kills":3,"deaths":7,"assists":6,"goldEarned":9737,"totalDamageDealtToChampions":8478},{"idx":59,"gameDuration(min)":28,"wins":false,"kills":3,"deaths":12,"assists":6,"goldEarned":6624,"totalDamageDealtToChampions":6819},{"idx":60,"gameDuration(min)":39,"wins":true,"kills":21,"deaths":4,"assists":8,"goldEarned":22183,"totalDamageDealtToChampions":27496},{"idx":61,"gameDuration(min)":18,"wins":false,"kills":2,"deaths":2,"assists":0,"goldEarned":6000,"totalDamageDealtToChampions":3580},{"idx":62,"gameDuration(min)":24,"wins":false,"kills":3,"deaths":8,"assists":3,"goldEarned":7786,"totalDamageDealtToChampions":11289},{"idx":63,"gameDuration(min)":38,"wins":true,"kills":8,"deaths":12,"assists":6,"goldEarned":14941,"totalDamageDealtToChampions":26919},{"idx":64,"gameDuration(min)":33,"wins":false,"kills":5,"deaths":9,"assists":11,"goldEarned":11837,"totalDamageDealtToChampions":10713},{"idx":65,"gameDuration(min)":20,"wins":true,"kills":3,"deaths":4,"assists":2,"goldEarned":5760,"totalDamageDealtToChampions":6567},{"idx":66,"gameDuration(min)":33,"wins":false,"kills":3,"deaths":13,"assists":5,"goldEarned":9540,"totalDamageDealtToChampions":8624},{"idx":67,"gameDuration(min)":35,"wins":true,"kills":4,"deaths":3,"assists":10,"goldEarned":13592,"totalDamageDealtToChampions":17259},{"idx":68,"gameDuration(min)":23,"wins":false,"kills":2,"deaths":3,"assists":3,"goldEarned":6403,"totalDamageDealtToChampions":10818},{"idx":69,"gameDuration(min)":20,"wins":false,"kills":0,"deaths":5,"assists":2,"goldEarned":4715,"totalDamageDealtToChampions":5489},{"idx":70,"gameDuration(min)":37,"wins":true,"kills":2,"deaths":7,"assists":19,"goldEarned":10458,"totalDamageDealtToChampions":14649},{"idx":71,"gameDuration(min)":22,"wins":false,"kills":1,"deaths":9,"assists":5,"goldEarned":6273,"totalDamageDealtToChampions":11337},{"idx":72,"gameDuration(min)":23,"wins":true,"kills":5,"deaths":7,"assists":3,"goldEarned":8659,"totalDamageDealtToChampions":10846},{"idx":73,"gameDuration(min)":31,"wins":true,"kills":12,"deaths":5,"assists":6,"goldEarned":14214,"totalDamageDealtToChampions":17383},{"idx":74,"gameDuration(min)":25,"wins":true,"kills":18,"deaths":15,"assists":7,"goldEarned":22483,"totalDamageDealtToChampions":32826},{"idx":75,"gameDuration(min)":16,"wins":false,"kills":7,"deaths":16,"assists":2,"goldEarned":10589,"totalDamageDealtToChampions":15227},{"idx":76,"gameDuration(min)":21,"wins":true,"kills":18,"deaths":9,"assists":5,"goldEarned":17379,"totalDamageDealtToChampions":33012},{"idx":77,"gameDuration(min)":18,"wins":false,"kills":13,"deaths":10,"assists":4,"goldEarned":16816,"totalDamageDealtToChampions":30141},{"idx":78,"gameDuration(min)":37,"wins":false,"kills":4,"deaths":11,"assists":9,"goldEarned":9570,"totalDamageDealtToChampions":13269},{"idx":79,"gameDuration(min)":29,"wins":false,"kills":1,"deaths":13,"assists":11,"goldEarned":7035,"totalDamageDealtToChampions":8796},{"idx":80,"gameDuration(min)":25,"wins":false,"kills":3,"deaths":9,"assists":7,"goldEarned":6942,"totalDamageDealtToChampions":9075},{"idx":81,"gameDuration(min)":25,"wins":true,"kills":2,"deaths":2,"assists":11,"goldEarned":7060,"totalDamageDealtToChampions":7030},{"idx":82,"gameDuration(min)":18,"wins":true,"kills":8,"deaths":9,"assists":12,"goldEarned":14693,"totalDamageDealtToChampions":31043},{"idx":83,"gameDuration(min)":27,"wins":false,"kills":5,"deaths":9,"assists":6,"goldEarned":7434,"totalDamageDealtToChampions":17181},{"idx":84,"gameDuration(min)":21,"wins":true,"kills":2,"deaths":6,"assists":9,"goldEarned":7503,"totalDamageDealtToChampions":4817},{"idx":85,"gameDuration(min)":35,"wins":true,"kills":11,"deaths":9,"assists":18,"goldEarned":15758,"totalDamageDealtToChampions":22135},{"idx":86,"gameDuration(min)":38,"wins":true,"kills":1,"deaths":5,"assists":22,"goldEarned":13170,"totalDamageDealtToChampions":12135},{"idx":87,"gameDuration(min)":20,"wins":true,"kills":2,"deaths":4,"assists":5,"goldEarned":6689,"totalDamageDealtToChampions":5933},{"idx":88,"gameDuration(min)":36,"wins":false,"kills":4,"deaths":8,"assists":9,"goldEarned":10356,"totalDamageDealtToChampions":18873},{"idx":89,"gameDuration(min)":22,"wins":false,"kills":5,"deaths":13,"assists":11,"goldEarned":15789,"totalDamageDealtToChampions":23145},{"idx":90,"gameDuration(min)":13,"wins":false,"kills":7,"deaths":3,"assists":1,"goldEarned":11428,"totalDamageDealtToChampions":13184},{"idx":91,"gameDuration(min)":17,"wins":true,"kills":5,"deaths":8,"assists":4,"goldEarned":12819,"totalDamageDealtToChampions":19435},{"idx":92,"gameDuration(min)":22,"wins":true,"kills":9,"deaths":5,"assists":1,"goldEarned":9143,"totalDamageDealtToChampions":11372},{"idx":93,"gameDuration(min)":34,"wins":false,"kills":3,"deaths":10,"assists":8,"goldEarned":12117,"totalDamageDealtToChampions":17080},{"idx":94,"gameDuration(min)":21,"wins":false,"kills":13,"deaths":12,"assists":2,"goldEarned":15362,"totalDamageDealtToChampions":25193},{"idx":95,"gameDuration(min)":25,"wins":true,"kills":11,"deaths":3,"assists":4,"goldEarned":12804,"totalDamageDealtToChampions":17480},{"idx":96,"gameDuration(min)":19,"wins":true,"kills":4,"deaths":3,"assists":3,"goldEarned":7773,"totalDamageDealtToChampions":4746},{"idx":97,"gameDuration(min)":51,"wins":false,"kills":9,"deaths":16,"assists":14,"goldEarned":15174,"totalDamageDealtToChampions":63407},{"idx":98,"gameDuration(min)":34,"wins":false,"kills":11,"deaths":8,"assists":9,"goldEarned":14116,"totalDamageDealtToChampions":21967}]}