{"schema":{"fields":[{"name":"idx","type":"integer"},{"name":"gameDuration(min)","type":"integer"},{"name":"wins","type":"boolean"},{"name":"kills","type":"integer"},{"name":"deaths","type":"integer"},{"name":"assists","type":"integer"},{"name":"goldEarned","type":"integer"},{"name":"totalDamageDealtToChampions","type":"integer"}],"primaryKey":["idx"],"pandas_version":"0.20.0"},"data":[{"idx":0,"gameDuration(min)":25,"wins":false,"kills":5,"deaths":6,"assists":9,"goldEarned":7753,"totalDamageDealtToChampions":10143},{"idx":1,"gameDuration(min)":46,"wins":false,"kills":11,"deaths":6,"assists":27,"goldEarned":16719,"totalDamageDealtToChampions":58344},{"idx":2,"gameDuration(min)":32,"wins":false,"kills":7,"deaths":8,"assists":2,"goldEarned":11256,"totalDamageDealtToChampions":21736},{"idx":3,"gameDuration(min)":34,"wins":false,"kills":9,"deaths":4,"assists":7,"goldEarned":12308,"totalDamageDealtToChampions":22100},{"idx":4,"gameDuration(min)":16,"wins":false,"kills":2,"deaths":7,"assists":4,"goldEarned":9409,"totalDamageDealtToChampions":7904},{"idx":5,"gameDuration(min)":8,"wins":true,"kills":5,"deaths":3,"assists":3,"goldEarned":5271,"totalDamageDealtToChampions":4944},{"idx":6,"gameDuration(min)":8,"wins":false,"kills":0,"deaths":5,"assists":0,"goldEarned":4236,"totalDamageDealtToChampions":2307},{"idx":7,"gameDuration(min)":12,"wins":false,"kills":5,"deaths":4,"assists":4,"goldEarned":7662,"totalDamageDealtToChampions":12041},{"idx":8,"gameDuration(min)":10,"wins":false,"kills":4,"deaths":6,"assists":2,"goldEarned":6216,"totalDamageDealtToChampions":5219},{"idx":9,"gameDuration(min)":8,"wins":true,"kills":2,"deaths":2,"assists":1,"goldEarned":4271,"totalDamageDealtToChampions":1422},{"idx":10,"gameDuration(min)":22,"wins":false,"kills":10,"deaths":10,"assists":26,"goldEarned":13936,"totalDamageDealtToChampions":24445},{"idx":11,"gameDuration(min)":9,"wins":false,"kills":6,"deaths":5,"assists":11,"goldEarned":6853,"totalDamageDealtToChampions":6521},{"idx":12,"gameDuration(min)":14,"wins":false,"kills":3,"deaths":7,"assists":7,"goldEarned":8903,"totalDamageDealtToChampions":8238},{"idx":13,"gameDuration(min)":33,"wins":true,"kills":8,"deaths":7,"assists":17,"goldEarned":13332,"totalDamageDealtToChampions":24674},{"idx":14,"gameDuration(min)":27,"wins":true,"kills":7,"deaths":6,"assists":14,"goldEarned":11419,"totalDamageDealtToChampions":23154},{"idx":15,"gameDuration(min)":26,"wins":true,"kills":9,"deaths":2,"assists":13,"goldEarned":10916,"totalDamageDealtToChampions":10826},{"idx":16,"gameDuration(min)":29,"wins":true,"kills":6,"deaths":3,"assists":5,"goldEarned":11500,"totalDamageDealtToChampions":12199},{"idx":17,"gameDuration(min)":19,"wins":false,"kills":8,"deaths":12,"assists":14,"goldEarned":13755,"totalDamageDealtToChampions":28858},{"idx":18,"gameDuration(min)":11,"wins":false,"kills":7,"deaths":5,"assists":3,"goldEarned":8863,"totalDamageDealtToChampions":10473},{"idx":19,"gameDuration(min)":20,"wins":true,"kills":14,"deaths":7,"assists":15,"goldEarned":15765,"totalDamageDealtToChampions":36413},{"idx":20,"gameDuration(min)":21,"wins":true,"kills":12,"deaths":11,"assists":38,"goldEarned":14894,"totalDamageDealtToChampions":21295},{"idx":21,"gameDuration(min)":26,"wins":true,"kills":3,"deaths":11,"assists":36,"goldEarned":15565,"totalDamageDealtToChampions":22932},{"idx":22,"gameDuration(min)":17,"wins":false,"kills":12,"deaths":12,"assists":12,"goldEarned":12844,"totalDamageDealtToChampions":22152},{"idx":23,"gameDuration(min)":25,"wins":true,"kills":7,"deaths":11,"assists":33,"goldEarned":15352,"totalDamageDealtToChampions":14761},{"idx":24,"gameDuration(min)":12,"wins":false,"kills":5,"deaths":7,"assists":5,"goldEarned":9194,"totalDamageDealtToChampions":9353},{"idx":25,"gameDuration(min)":15,"wins":true,"kills":11,"deaths":7,"assists":31,"goldEarned":13047,"totalDamageDealtToChampions":22921},{"idx":26,"gameDuration(min)":13,"wins":true,"kills":6,"deaths":5,"assists":26,"goldEarned":8956,"totalDamageDealtToChampions":13979},{"idx":27,"gameDuration(min)":28,"wins":true,"kills":13,"deaths":16,"assists":22,"goldEarned":18070,"totalDamageDealtToChampions":29768},{"idx":28,"gameDuration(min)":16,"wins":false,"kills":5,"deaths":11,"assists":14,"goldEarned":9627,"totalDamageDealtToChampions":10140},{"idx":29,"gameDuration(min)":19,"wins":false,"kills":9,"deaths":9,"assists":16,"goldEarned":12922,"totalDamageDealtToChampions":19384},{"idx":30,"gameDuration(min)":18,"wins":true,"kills":5,"deaths":8,"assists":22,"goldEarned":10854,"totalDamageDealtToChampions":13228},{"idx":31,"gameDuration(min)":23,"wins":false,"kills":7,"deaths":15,"assists":20,"goldEarned":14043,"totalDamageDealtToChampions":34487},{"idx":32,"gameDuration(min)":19,"wins":false,"kills":8,"deaths":4,"assists":17,"goldEarned":15054,"totalDamageDealtToChampions":26719},{"idx":33,"gameDuration(min)":19,"wins":false,"kills":3,"deaths":7,"assists":13,"goldEarned":11822,"totalDamageDealtToChampions":27452},{"idx":34,"gameDuration(min)":19,"wins":false,"kills":11,"deaths":4,"assists":8,"goldEarned":15943,"totalDamageDealtToChampions":25947},{"idx":35,"gameDuration(min)":9,"wins":false,"kills":1,"deaths":4,"assists":3,"goldEarned":5658,"totalDamageDealtToChampions":6181},{"idx":36,"gameDuration(min)":25,"wins":true,"kills":11,"deaths":11,"assists":29,"goldEarned":15851,"totalDamageDealtToChampions":22468},{"idx":37,"gameDuration(min)":16,"wins":true,"kills":7,"deaths":5,"assists":22,"goldEarned":10997,"totalDamageDealtToChampions":21079},{"idx":38,"gameDuration(min)":27,"wins":false,"kills":5,"deaths":6,"assists":6,"goldEarned":10143,"totalDamageDealtToChampions":24303},{"idx":39,"gameDuration(min)":25,"wins":false,"kills":6,"deaths":6,"assists":3,"goldEarned":7564,"totalDamageDealtToChampions":7634},{"idx":40,"gameDuration(min)":36,"wins":false,"kills":8,"deaths":7,"assists":9,"goldEarned":13156,"totalDamageDealtToChampions":21032},{"idx":41,"gameDuration(min)":28,"wins":true,"kills":8,"deaths":5,"assists":10,"goldEarned":12958,"totalDamageDealtToChampions":20037},{"idx":42,"gameDuration(min)":29,"wins":true,"kills":0,"deaths":3,"assists":12,"goldEarned":7556,"totalDamageDealtToChampions":6324},{"idx":43,"gameDuration(min)":20,"wins":false,"kills":6,"deaths":3,"assists":4,"goldEarned":7694,"totalDamageDealtToChampions":12899},{"idx":44,"gameDuration(min)":25,"wins":false,"kills":5,"deaths":7,"assists":5,"goldEarned":10923,"totalDamageDealtToChampions":14112},{"idx":45,"gameDuration(min)":33,"wins":false,"kills":3,"deaths":9,"assists":15,"goldEarned":8448,"totalDamageDealtToChampions":10800},{"idx":46,"gameDuration(min)":21,"wins":false,"kills":3,"deaths":13,"assists":24,"goldEarned":12216,"totalDamageDealtToChampions":25064},{"idx":47,"gameDuration(min)":29,"wins":false,"kills":5,"deaths":11,"assists":3,"goldEarned":9901,"totalDamageDealtToChampions":19022},{"idx":48,"gameDuration(min)":19,"wins":false,"kills":1,"deaths":7,"assists":3,"goldEarned":4688,"totalDamageDealtToChampions":3639},{"idx":49,"gameDuration(min)":33,"wins":false,"kills":1,"deaths":10,"assists":14,"goldEarned":8719,"totalDamageDealtToChampions":18662},{"idx":50,"gameDuration(min)":32,"wins":true,"kills":5,"deaths":15,"assists":17,"goldEarned":9784,"totalDamageDealtToChampions":12103},{"idx":51,"gameDuration(min)":21,"wins":false,"kills":5,"deaths":5,"assists":1,"goldEarned":8470,"totalDamageDealtToChampions":15301},{"idx":52,"gameDuration(min)":24,"wins":true,"kills":2,"deaths":5,"assists":5,"goldEarned":8188,"totalDamageDealtToChampions":8703},{"idx":53,"gameDuration(min)":16,"wins":false,"kills":2,"deaths":4,"assists":1,"goldEarned":5364,"totalDamageDealtToChampions":6480},{"idx":54,"gameDuration(min)":23,"wins":true,"kills":5,"deaths":5,"assists":14,"goldEarned":9058,"totalDamageDealtToChampions":15686},{"idx":55,"gameDuration(min)":49,"wins":true,"kills":9,"deaths":8,"assists":27,"goldEarned":16901,"totalDamageDealtToChampions":38203},{"idx":56,"gameDuration(min)":34,"wins":true,"kills":8,"deaths":8,"assists":17,"goldEarned":12180,"totalDamageDealtToChampions":24879},{"idx":57,"gameDuration(min)":41,"wins":false,"kills":8,"deaths":11,"assists":13,"goldEarned":13764,"totalDamageDealtToChampions":27741},{"idx":58,"gameDuration(min)":26,"wins":false,"kills":0,"deaths":5,"assists":5,"goldEarned":6395,"totalDamageDealtToChampions":11789},{"idx":59,"gameDuration(min)":27,"wins":true,"kills":7,"deaths":3,"assists":8,"goldEarned":9449,"totalDamageDealtToChampions":10507},{"idx":60,"gameDuration(min)":36,"wins":false,"kills":4,"deaths":6,"assists":13,"goldEarned":11593,"totalDamageDealtToChampions":16645},{"idx":61,"gameDuration(min)":30,"wins":false,"kills":11,"deaths":7,"assists":3,"goldEarned":13129,"totalDamageDealtToChampions":28398},{"idx":62,"gameDuration(min)":30,"wins":true,"kills":8,"deaths":3,"assists":16,"goldEarned":13132,"totalDamageDealtToChampions":21909},{"idx":63,"gameDuration(min)":24,"wins":false,"kills":3,"deaths":3,"assists":0,"goldEarned":7697,"totalDamageDealtToChampions":4390},{"idx":64,"gameDuration(min)":26,"wins":false,"kills":4,"deaths":8,"assists":10,"goldEarned":7411,"totalDamageDealtToChampions":13155},{"idx":65,"gameDuration(min)":36,"wins":true,"kills":1,"deaths":3,"assists":14,"goldEarned":9753,"totalDamageDealtToChampions":16544},{"idx":66,"gameDuration(min)":36,"wins":true,"kills":11,"deaths":10,"assists":8,"goldEarned":14346,"totalDamageDealtToChampions":25405},{"idx":67,"gameDuration(min)":24,"wins":true,"kills":11,"deaths":4,"assists":11,"goldEarned":11414,"totalDamageDealtToChampions":20592},{"idx":68,"gameDuration(min)":16,"wins":true,"kills":5,"deaths":2,"assists":7,"goldEarned":6590,"totalDamageDealtToChampions":8699},{"idx":69,"gameDuration(min)":32,"wins":false,"kills":8,"deaths":6,"assists":13,"goldEarned":14821,"totalDamageDealtToChampions":26570},{"idx":70,"gameDuration(min)":26,"wins":false,"kills":6,"deaths":6,"assists":3,"goldEarned":9243,"totalDamageDealtToChampions":15702},{"idx":71,"gameDuration(min)":21,"wins":false,"kills":0,"deaths":7,"assists":2,"goldEarned":4356,"totalDamageDealtToChampions":3584},{"idx":72,"gameDuration(min)":22,"wins":false,"kills":8,"deaths":6,"assists":26,"goldEarned":13709,"totalDamageDealtToChampions":24507},{"idx":73,"gameDuration(min)":32,"wins":false,"kills":0,"deaths":5,"assists":4,"goldEarned":9374,"totalDamageDealtToChampions":12543},{"idx":74,"gameDuration(min)":30,"wins":false,"kills":6,"deaths":4,"assists":7,"goldEarned":11267,"totalDamageDealtToChampions":19023},{"idx":75,"gameDuration(min)":30,"wins":true,"kills":5,"deaths":4,"assists":13,"goldEarned":11786,"totalDamageDealtToChampions":28080},{"idx":76,"gameDuration(min)":32,"wins":false,"kills":5,"deaths":9,"assists":14,"goldEarned":10797,"totalDamageDealtToChampions":32997},{"idx":77,"gameDuration(min)":22,"wins":false,"kills":2,"deaths":6,"assists":4,"goldEarned":6418,"totalDamageDealtToChampions":11967},{"idx":78,"gameDuration(min)":26,"wins":false,"kills":1,"deaths":6,"assists":6,"goldEarned":6826,"totalDamageDealtToChampions":9191},{"idx":79,"gameDuration(min)":43,"wins":true,"kills":20,"deaths":5,"assists":9,"goldEarned":20888,"totalDamageDealtToChampions":41559},{"idx":80,"gameDuration(min)":21,"wins":true,"kills":6,"deaths":9,"assists":21,"goldEarned":14288,"totalDamageDealtToChampions":16144},{"idx":81,"gameDuration(min)":41,"wins":true,"kills":6,"deaths":7,"assists":12,"goldEarned":15499,"totalDamageDealtToChampions":26028},{"idx":82,"gameDuration(min)":26,"wins":true,"kills":2,"deaths":5,"assists":7,"goldEarned":8843,"totalDamageDealtToChampions":15973},{"idx":83,"gameDuration(min)":18,"wins":true,"kills":7,"deaths":0,"assists":18,"goldEarned":9001,"totalDamageDealtToChampions":16127},{"idx":84,"gameDuration(min)":29,"wins":false,"kills":2,"deaths":4,"assists":7,"goldEarned":9030,"totalDamageDealtToChampions":18328},{"idx":85,"gameDuration(min)":33,"wins":false,"kills":6,"deaths":7,"assists":5,"goldEarned":11132,"totalDamageDealtToChampions":15561},{"idx":86,"gameDuration(min)":40,"wins":true,"kills":11,"deaths":7,"assists":11,"goldEarned":16977,"totalDamageDealtToChampions":38164},{"idx":87,"gameDuration(min)":25,"wins":true,"kills":7,"deaths":3,"assists":7,"goldEarned":9402,"totalDamageDealtToChampions":18606},{"idx":88,"gameDuration(min)":20,"wins":true,"kills":7,"deaths":1,"assists":0,"goldEarned":8871,"totalDamageDealtToChampions":7386}]}