{"schema":{"fields":[{"name":"idx","type":"integer"},{"name":"gameDuration(min)","type":"integer"},{"name":"wins","type":"boolean"},{"name":"kills","type":"integer"},{"name":"deaths","type":"integer"},{"name":"assists","type":"integer"},{"name":"goldEarned","type":"integer"},{"name":"totalDamageDealtToChampions","type":"integer"}],"primaryKey":["idx"],"pandas_version":"0.20.0"},"data":[{"idx":0,"gameDuration(min)":29,"wins":true,"kills":11,"deaths":4,"assists":4,"goldEarned":10915,"totalDamageDealtToChampions":15830},{"idx":1,"gameDuration(min)":34,"wins":false,"kills":10,"deaths":10,"assists":9,"goldEarned":12913,"totalDamageDealtToChampions":22802},{"idx":2,"gameDuration(min)":38,"wins":true,"kills":25,"deaths":6,"assists":13,"goldEarned":23166,"totalDamageDealtToChampions":53136},{"idx":3,"gameDuration(min)":30,"wins":true,"kills":17,"deaths":3,"assists":11,"goldEarned":15935,"totalDamageDealtToChampions":35248},{"idx":4,"gameDuration(min)":33,"wins":true,"kills":13,"deaths":4,"assists":17,"goldEarned":14141,"totalDamageDealtToChampions":31040},{"idx":5,"gameDuration(min)":32,"wins":true,"kills":2,"deaths":6,"assists":11,"goldEarned":8966,"totalDamageDealtToChampions":12010},{"idx":6,"gameDuration(min)":33,"wins":true,"kills":3,"deaths":5,"assists":16,"goldEarned":11092,"totalDamageDealtToChampions":29033},{"idx":7,"gameDuration(min)":29,"wins":true,"kills":9,"deaths":1,"assists":24,"goldEarned":11450,"totalDamageDealtToChampions":28737},{"idx":8,"gameDuration(min)":31,"wins":true,"kills":15,"deaths":3,"assists":6,"goldEarned":14962,"totalDamageDealtToChampions":17436},{"idx":9,"gameDuration(min)":40,"wins":false,"kills":17,"deaths":10,"assists":10,"goldEarned":18205,"totalDamageDealtToChampions":45229},{"idx":10,"gameDuration(min)":23,"wins":true,"kills":9,"deaths":5,"assists":2,"goldEarned":9406,"totalDamageDealtToChampions":8903},{"idx":11,"gameDuration(min)":30,"wins":true,"kills":13,"deaths":1,"assists":13,"goldEarned":14143,"totalDamageDealtToChampions":19183},{"idx":12,"gameDuration(min)":24,"wins":true,"kills":12,"deaths":0,"assists":7,"goldEarned":12380,"totalDamageDealtToChampions":13650},{"idx":13,"gameDuration(min)":25,"wins":true,"kills":15,"deaths":2,"assists":2,"goldEarned":13229,"totalDamageDealtToChampions":18666},{"idx":14,"gameDuration(min)":29,"wins":true,"kills":14,"deaths":1,"assists":9,"goldEarned":13974,"totalDamageDealtToChampions":19743},{"idx":15,"gameDuration(min)":32,"wins":false,"kills":5,"deaths":7,"assists":6,"goldEarned":11753,"totalDamageDealtToChampions":16936},{"idx":16,"gameDuration(min)":30,"wins":true,"kills":17,"deaths":5,"assists":8,"goldEarned":16733,"totalDamageDealtToChampions":26569},{"idx":17,"gameDuration(min)":19,"wins":false,"kills":1,"deaths":5,"assists":3,"goldEarned":5709,"totalDamageDealtToChampions":7657},{"idx":18,"gameDuration(min)":31,"wins":false,"kills":6,"deaths":6,"assists":2,"goldEarned":12384,"totalDamageDealtToChampions":12986},{"idx":19,"gameDuration(min)":27,"wins":false,"kills":2,"deaths":4,"assists":8,"goldEarned":6618,"totalDamageDealtToChampions":4906},{"idx":20,"gameDuration(min)":34,"wins":true,"kills":4,"deaths":3,"assists":18,"goldEarned":10033,"totalDamageDealtToChampions":25962},{"idx":21,"gameDuration(min)":20,"wins":true,"kills":1,"deaths":2,"assists":9,"goldEarned":5599,"totalDamageDealtToChampions":7996},{"idx":22,"gameDuration(min)":23,"wins":true,"kills":6,"deaths":3,"assists":3,"goldEarned":9520,"totalDamageDealtToChampions":8563},{"idx":23,"gameDuration(min)":30,"wins":false,"kills":7,"deaths":3,"assists":7,"goldEarned":11933,"totalDamageDealtToChampions":18110},{"idx":24,"gameDuration(min)":17,"wins":true,"kills":4,"deaths":0,"assists":2,"goldEarned":6710,"totalDamageDealtToChampions":4136},{"idx":25,"gameDuration(min)":35,"wins":false,"kills":3,"deaths":10,"assists":12,"goldEarned":8499,"totalDamageDealtToChampions":7297},{"idx":26,"gameDuration(min)":21,"wins":true,"kills":8,"deaths":0,"assists":6,"goldEarned":9211,"totalDamageDealtToChampions":9073},{"idx":27,"gameDuration(min)":31,"wins":true,"kills":1,"deaths":4,"assists":8,"goldEarned":8869,"totalDamageDealtToChampions":19250},{"idx":28,"gameDuration(min)":28,"wins":false,"kills":1,"deaths":4,"assists":5,"goldEarned":9217,"totalDamageDealtToChampions":17058},{"idx":29,"gameDuration(min)":25,"wins":true,"kills":25,"deaths":1,"assists":3,"goldEarned":15856,"totalDamageDealtToChampions":27837},{"idx":30,"gameDuration(min)":3,"wins":true,"kills":1,"deaths":0,"assists":0,"goldEarned":1425,"totalDamageDealtToChampions":873},{"idx":31,"gameDuration(min)":34,"wins":false,"kills":3,"deaths":3,"assists":10,"goldEarned":9421,"totalDamageDealtToChampions":17869},{"idx":32,"gameDuration(min)":23,"wins":true,"kills":5,"deaths":4,"assists":14,"goldEarned":8625,"totalDamageDealtToChampions":15569},{"idx":33,"gameDuration(min)":40,"wins":true,"kills":16,"deaths":5,"assists":14,"goldEarned":16802,"totalDamageDealtToChampions":43439},{"idx":34,"gameDuration(min)":34,"wins":true,"kills":10,"deaths":3,"assists":19,"goldEarned":11845,"totalDamageDealtToChampions":38551},{"idx":35,"gameDuration(min)":35,"wins":false,"kills":6,"deaths":3,"assists":10,"goldEarned":12565,"totalDamageDealtToChampions":17881},{"idx":36,"gameDuration(min)":27,"wins":false,"kills":3,"deaths":4,"assists":3,"goldEarned":7229,"totalDamageDealtToChampions":15717},{"idx":37,"gameDuration(min)":17,"wins":false,"kills":2,"deaths":4,"assists":2,"goldEarned":5024,"totalDamageDealtToChampions":6200},{"idx":38,"gameDuration(min)":24,"wins":false,"kills":1,"deaths":4,"assists":2,"goldEarned":6176,"totalDamageDealtToChampions":10265},{"idx":39,"gameDuration(min)":23,"wins":true,"kills":10,"deaths":1,"assists":6,"goldEarned":10214,"totalDamageDealtToChampions":10586},{"idx":40,"gameDuration(min)":27,"wins":true,"kills":17,"deaths":4,"assists":7,"goldEarned":14596,"totalDamageDealtToChampions":17054},{"idx":41,"gameDuration(min)":23,"wins":true,"kills":2,"deaths":0,"assists":5,"goldEarned":10048,"totalDamageDealtToChampions":4521},{"idx":42,"gameDuration(min)":29,"wins":true,"kills":18,"deaths":0,"assists":3,"goldEarned":15860,"totalDamageDealtToChampions":23044},{"idx":43,"gameDuration(min)":36,"wins":false,"kills":5,"deaths":4,"assists":1,"goldEarned":13694,"totalDamageDealtToChampions":19484}]}