{"schema":{"fields":[{"name":"idx","type":"integer"},{"name":"gameDuration(min)","type":"integer"},{"name":"wins","type":"boolean"},{"name":"kills","type":"integer"},{"name":"deaths","type":"integer"},{"name":"assists","type":"integer"},{"name":"goldEarned","type":"integer"},{"name":"totalDamageDealtToChampions","type":"integer"}],"primaryKey":["idx"],"pandas_version":"0.20.0"},"data":[{"idx":0,"gameDuration(min)":19,"wins":true,"kills":6,"deaths":11,"assists":21,"goldEarned":12132,"totalDamageDealtToChampions":27647},{"idx":1,"gameDuration(min)":23,"wins":false,"kills":4,"deaths":10,"assists":4,"goldEarned":7990,"totalDamageDealtToChampions":17723},{"idx":2,"gameDuration(min)":22,"wins":true,"kills":13,"deaths":1,"assists":1,"goldEarned":12112,"totalDamageDealtToChampions":18421},{"idx":3,"gameDuration(min)":35,"wins":true,"kills":11,"deaths":7,"assists":23,"goldEarned":12529,"totalDamageDealtToChampions":46669},{"idx":4,"gameDuration(min)":24,"wins":false,"kills":5,"deaths":7,"assists":9,"goldEarned":8559,"totalDamageDealtToChampions":13478},{"idx":5,"gameDuration(min)":26,"wins":true,"kills":7,"deaths":4,"assists":9,"goldEarned":10816,"totalDamageDealtToChampions":22773},{"idx":6,"gameDuration(min)":25,"wins":false,"kills":0,"deaths":8,"assists":5,"goldEarned":6756,"totalDamageDealtToChampions":8353},{"idx":7,"gameDuration(min)":36,"wins":true,"kills":11,"deaths":7,"assists":21,"goldEarned":16503,"totalDamageDealtToChampions":46601},{"idx":8,"gameDuration(min)":16,"wins":false,"kills":1,"deaths":5,"assists":2,"goldEarned":4316,"totalDamageDealtToChampions":8101},{"idx":9,"gameDuration(min)":38,"wins":true,"kills":12,"deaths":11,"assists":3,"goldEarned":16417,"totalDamageDealtToChampions":28440},{"idx":10,"gameDuration(min)":30,"wins":true,"kills":10,"deaths":4,"assists":13,"goldEarned":10709,"totalDamageDealtToChampions":17329},{"idx":11,"gameDuration(min)":33,"wins":true,"kills":20,"deaths":7,"assists":12,"goldEarned":17912,"totalDamageDealtToChampions":33865},{"idx":12,"gameDuration(min)":16,"wins":true,"kills":9,"deaths":4,"assists":2,"goldEarned":7865,"totalDamageDealtToChampions":13573},{"idx":13,"gameDuration(min)":26,"wins":false,"kills":8,"deaths":7,"assists":6,"goldEarned":10630,"totalDamageDealtToChampions":16869},{"idx":14,"gameDuration(min)":16,"wins":false,"kills":8,"deaths":6,"assists":0,"goldEarned":7248,"totalDamageDealtToChampions":12599},{"idx":15,"gameDuration(min)":21,"wins":false,"kills":4,"deaths":6,"assists":1,"goldEarned":7214,"totalDamageDealtToChampions":12774},{"idx":16,"gameDuration(min)":34,"wins":true,"kills":12,"deaths":7,"assists":7,"goldEarned":13684,"totalDamageDealtToChampions":24887},{"idx":17,"gameDuration(min)":32,"wins":false,"kills":15,"deaths":10,"assists":8,"goldEarned":15607,"totalDamageDealtToChampions":43804},{"idx":18,"gameDuration(min)":15,"wins":true,"kills":2,"deaths":2,"assists":6,"goldEarned":4819,"totalDamageDealtToChampions":4176},{"idx":19,"gameDuration(min)":27,"wins":true,"kills":9,"deaths":2,"assists":12,"goldEarned":12692,"totalDamageDealtToChampions":24598},{"idx":20,"gameDuration(min)":29,"wins":false,"kills":6,"deaths":10,"assists":6,"goldEarned":10150,"totalDamageDealtToChampions":21208},{"idx":21,"gameDuration(min)":10,"wins":true,"kills":1,"deaths":1,"assists":0,"goldEarned":4061,"totalDamageDealtToChampions":2033},{"idx":22,"gameDuration(min)":28,"wins":true,"kills":13,"deaths":9,"assists":11,"goldEarned":14106,"totalDamageDealtToChampions":27730},{"idx":23,"gameDuration(min)":33,"wins":false,"kills":7,"deaths":9,"assists":6,"goldEarned":12937,"totalDamageDealtToChampions":23733},{"idx":24,"gameDuration(min)":30,"wins":true,"kills":10,"deaths":4,"assists":11,"goldEarned":13900,"totalDamageDealtToChampions":22841},{"idx":25,"gameDuration(min)":41,"wins":true,"kills":15,"deaths":12,"assists":21,"goldEarned":18826,"totalDamageDealtToChampions":54786},{"idx":26,"gameDuration(min)":36,"wins":true,"kills":25,"deaths":6,"assists":6,"goldEarned":19974,"totalDamageDealtToChampions":49467},{"idx":27,"gameDuration(min)":32,"wins":false,"kills":9,"deaths":9,"assists":8,"goldEarned":13543,"totalDamageDealtToChampions":32165},{"idx":28,"gameDuration(min)":25,"wins":true,"kills":9,"deaths":5,"assists":11,"goldEarned":10683,"totalDamageDealtToChampions":24521},{"idx":29,"gameDuration(min)":31,"wins":false,"kills":11,"deaths":9,"assists":7,"goldEarned":13507,"totalDamageDealtToChampions":27548},{"idx":30,"gameDuration(min)":31,"wins":true,"kills":6,"deaths":6,"assists":14,"goldEarned":12027,"totalDamageDealtToChampions":31295},{"idx":31,"gameDuration(min)":33,"wins":true,"kills":13,"deaths":10,"assists":13,"goldEarned":16354,"totalDamageDealtToChampions":30836},{"idx":32,"gameDuration(min)":3,"wins":false,"kills":0,"deaths":0,"assists":0,"goldEarned":778,"totalDamageDealtToChampions":814},{"idx":33,"gameDuration(min)":34,"wins":true,"kills":12,"deaths":7,"assists":10,"goldEarned":16197,"totalDamageDealtToChampions":33882},{"idx":34,"gameDuration(min)":37,"wins":true,"kills":10,"deaths":4,"assists":11,"goldEarned":16615,"totalDamageDealtToChampions":39399},{"idx":35,"gameDuration(min)":22,"wins":false,"kills":0,"deaths":7,"assists":6,"goldEarned":5123,"totalDamageDealtToChampions":8437},{"idx":36,"gameDuration(min)":13,"wins":true,"kills":1,"deaths":2,"assists":6,"goldEarned":4330,"totalDamageDealtToChampions":2107},{"idx":37,"gameDuration(min)":24,"wins":true,"kills":3,"deaths":4,"assists":15,"goldEarned":8178,"totalDamageDealtToChampions":11174},{"idx":38,"gameDuration(min)":33,"wins":false,"kills":2,"deaths":6,"assists":5,"goldEarned":10407,"totalDamageDealtToChampions":20294},{"idx":39,"gameDuration(min)":28,"wins":true,"kills":4,"deaths":4,"assists":3,"goldEarned":10853,"totalDamageDealtToChampions":16924},{"idx":40,"gameDuration(min)":17,"wins":false,"kills":4,"deaths":13,"assists":6,"goldEarned":10710,"totalDamageDealtToChampions":13031},{"idx":41,"gameDuration(min)":17,"wins":false,"kills":7,"deaths":9,"assists":7,"goldEarned":13062,"totalDamageDealtToChampions":17159},{"idx":42,"gameDuration(min)":8,"wins":true,"kills":5,"deaths":4,"assists":6,"goldEarned":5870,"totalDamageDealtToChampions":6342},{"idx":43,"gameDuration(min)":8,"wins":true,"kills":9,"deaths":0,"assists":6,"goldEarned":7159,"totalDamageDealtToChampions":6879},{"idx":44,"gameDuration(min)":19,"wins":false,"kills":9,"deaths":11,"assists":15,"goldEarned":14408,"totalDamageDealtToChampions":18653},{"idx":45,"gameDuration(min)":19,"wins":false,"kills":8,"deaths":8,"assists":14,"goldEarned":13388,"totalDamageDealtToChampions":23240},{"idx":46,"gameDuration(min)":25,"wins":false,"kills":2,"deaths":5,"assists":2,"goldEarned":7716,"totalDamageDealtToChampions":17690},{"idx":47,"gameDuration(min)":25,"wins":true,"kills":5,"deaths":2,"assists":8,"goldEarned":8632,"totalDamageDealtToChampions":20239},{"idx":48,"gameDuration(min)":24,"wins":false,"kills":2,"deaths":7,"assists":4,"goldEarned":7057,"totalDamageDealtToChampions":8346},{"idx":49,"gameDuration(min)":10,"wins":true,"kills":9,"deaths":2,"assists":10,"goldEarned":8955,"totalDamageDealtToChampions":16711},{"idx":50,"gameDuration(min)":19,"wins":false,"kills":3,"deaths":12,"assists":14,"goldEarned":12281,"totalDamageDealtToChampions":18305},{"idx":51,"gameDuration(min)":11,"wins":false,"kills":4,"deaths":11,"assists":7,"goldEarned":6836,"totalDamageDealtToChampions":11844},{"idx":52,"gameDuration(min)":17,"wins":true,"kills":11,"deaths":4,"assists":6,"goldEarned":14868,"totalDamageDealtToChampions":16895},{"idx":53,"gameDuration(min)":14,"wins":false,"kills":2,"deaths":5,"assists":2,"goldEarned":9154,"totalDamageDealtToChampions":7175},{"idx":54,"gameDuration(min)":14,"wins":false,"kills":5,"deaths":8,"assists":12,"goldEarned":10538,"totalDamageDealtToChampions":12473},{"idx":55,"gameDuration(min)":17,"wins":true,"kills":15,"deaths":5,"assists":7,"goldEarned":15768,"totalDamageDealtToChampions":30590},{"idx":56,"gameDuration(min)":17,"wins":true,"kills":6,"deaths":7,"assists":29,"goldEarned":11896,"totalDamageDealtToChampions":24785},{"idx":57,"gameDuration(min)":34,"wins":true,"kills":16,"deaths":5,"assists":9,"goldEarned":16618,"totalDamageDealtToChampions":39238},{"idx":58,"gameDuration(min)":11,"wins":true,"kills":9,"deaths":1,"assists":2,"goldEarned":9147,"totalDamageDealtToChampions":10319},{"idx":59,"gameDuration(min)":15,"wins":true,"kills":2,"deaths":1,"assists":3,"goldEarned":5472,"totalDamageDealtToChampions":6070},{"idx":60,"gameDuration(min)":31,"wins":true,"kills":32,"deaths":5,"assists":8,"goldEarned":23083,"totalDamageDealtToChampions":72090},{"idx":61,"gameDuration(min)":20,"wins":true,"kills":10,"deaths":2,"assists":2,"goldEarned":11029,"totalDamageDealtToChampions":19623},{"idx":62,"gameDuration(min)":17,"wins":true,"kills":7,"deaths":1,"assists":5,"goldEarned":7953,"totalDamageDealtToChampions":11838},{"idx":63,"gameDuration(min)":3,"wins":true,"kills":0,"deaths":0,"assists":0,"goldEarned":968,"totalDamageDealtToChampions":665},{"idx":64,"gameDuration(min)":16,"wins":true,"kills":7,"deaths":1,"assists":2,"goldEarned":7440,"totalDamageDealtToChampions":14051},{"idx":65,"gameDuration(min)":32,"wins":true,"kills":15,"deaths":8,"assists":3,"goldEarned":15806,"totalDamageDealtToChampions":30614},{"idx":66,"gameDuration(min)":17,"wins":true,"kills":8,"deaths":4,"assists":15,"goldEarned":15097,"totalDamageDealtToChampions":18900},{"idx":67,"gameDuration(min)":10,"wins":false,"kills":8,"deaths":6,"assists":5,"goldEarned":7569,"totalDamageDealtToChampions":13892},{"idx":68,"gameDuration(min)":38,"wins":false,"kills":11,"deaths":7,"assists":12,"goldEarned":15040,"totalDamageDealtToChampions":30148},{"idx":69,"gameDuration(min)":36,"wins":false,"kills":11,"deaths":8,"assists":2,"goldEarned":14348,"totalDamageDealtToChampions":28520},{"idx":70,"gameDuration(min)":15,"wins":false,"kills":2,"deaths":9,"assists":6,"goldEarned":10696,"totalDamageDealtToChampions":17215},{"idx":71,"gameDuration(min)":9,"wins":false,"kills":5,"deaths":6,"assists":3,"goldEarned":5661,"totalDamageDealtToChampions":10872},{"idx":72,"gameDuration(min)":15,"wins":false,"kills":2,"deaths":11,"assists":9,"goldEarned":8509,"totalDamageDealtToChampions":14109},{"idx":73,"gameDuration(min)":19,"wins":true,"kills":2,"deaths":13,"assists":24,"goldEarned":12674,"totalDamageDealtToChampions":23296},{"idx":74,"gameDuration(min)":16,"wins":true,"kills":6,"deaths":4,"assists":16,"goldEarned":10683,"totalDamageDealtToChampions":18903},{"idx":75,"gameDuration(min)":32,"wins":false,"kills":10,"deaths":7,"assists":8,"goldEarned":13726,"totalDamageDealtToChampions":27543}]}