{"schema":{"fields":[{"name":"idx","type":"integer"},{"name":"gameDuration(min)","type":"integer"},{"name":"wins","type":"boolean"},{"name":"kills","type":"integer"},{"name":"deaths","type":"integer"},{"name":"assists","type":"integer"},{"name":"goldEarned","type":"integer"},{"name":"totalDamageDealtToChampions","type":"integer"}],"primaryKey":["idx"],"pandas_version":"0.20.0"},"data":[{"idx":0,"gameDuration(min)":11,"wins":true,"kills":4,"deaths":1,"assists":13,"goldEarned":7620,"totalDamageDealtToChampions":5254},{"idx":1,"gameDuration(min)":23,"wins":true,"kills":7,"deaths":4,"assists":9,"goldEarned":9309,"totalDamageDealtToChampions":12534},{"idx":2,"gameDuration(min)":24,"wins":true,"kills":10,"deaths":9,"assists":27,"goldEarned":16026,"totalDamageDealtToChampions":24882},{"idx":3,"gameDuration(min)":18,"wins":true,"kills":12,"deaths":6,"assists":15,"goldEarned":12707,"totalDamageDealtToChampions":20455},{"idx":4,"gameDuration(min)":25,"wins":true,"kills":13,"deaths":13,"assists":19,"goldEarned":16619,"totalDamageDealtToChampions":25167},{"idx":5,"gameDuration(min)":26,"wins":false,"kills":19,"deaths":10,"assists":30,"goldEarned":19872,"totalDamageDealtToChampions":39507},{"idx":6,"gameDuration(min)":15,"wins":true,"kills":5,"deaths":3,"assists":31,"goldEarned":10539,"totalDamageDealtToChampions":18113}]}